name_m,name_f,description,source
Adwokat,,,Urząd Pracy
Agent ubezpieczeniowy,,,Urząd Pracy
Agrochemik,,,Urząd Pracy
agronom miejski,agronomczyni miejska,zajmuje się uprawą roślin na dachach budynków i innych obszarach nad ziemią i dbałością o jakość powietrza i wód w mieście,Nietypowe zawody
Akrobata,,,Urząd Pracy
Aktor,,,Urząd Pracy
Aktor cyrkowy,,,Urząd Pracy
Aktor lalkarz,,,Urząd Pracy
Akupunkturzysta,,,Urząd Pracy
Akwizytor,,,Urząd Pracy
alchemik,alchemiczka,,Harry Potter
Alpinista przemysłowy,,,Urząd Pracy
Andragog,,,Urząd Pracy
Animator kultury,,,Urząd Pracy
Animator rekreacji i organizacji czasu wolnego,,,Urząd Pracy
Ankieter,,,Urząd Pracy
Antykwariusz,,,Urząd Pracy
aptekarz,,,Warhammer FRP
arborysta,arborystka,specjalista w kwestii pielęgnacji drzew,Nietypowe zawody
Archeolog,,,Urząd Pracy
Architekt,,,Urząd Pracy
Architekt krajobrazu,,,Urząd Pracy
Architekt wnętrz,,,Urząd Pracy
Architekt zieleni wewnątrz budynków,,,Urząd Pracy
Archiwista,,,Urząd Pracy
arcymag,,,Warhammer FRP
Arkadownik,,,Urząd Pracy
Arteterapeuta,,,Urząd Pracy
artysta bonsai,artystka bonsai,umie miniaturyzować drzewka i wyginać i układać jego gałęzie w oryginalne wzory,Nietypowe zawody
Artysta fotografik,,,Urząd Pracy
Artysta grafik,,,Urząd Pracy
Artysta malarz,,,Urząd Pracy
Artysta rzeźbiarz,,,Urząd Pracy
Astrofizyk,,,Urząd Pracy
astrogórnik,astrogórniczka,"wydobywa zasoby z powierzchni księżyców, asteroid i innych ciał niebieskich",Nietypowe zawody
Astrolog,,,Urząd Pracy
astronom,astronomka,,Harry Potter
Asystentka kobiety w czasie ciąży i porodu (doula),,,Urząd Pracy
Asystentka stomatologiczna,,,Urząd Pracy
Audiofonolog,,"przeprowadza testy audiometryczne w celu oceny zakresu słuchu pacjenta, identyfikację przyczyn utraty słuchu ",Urząd Pracy
Autor tekstów i sloganów reklamowych (copywriter),,,Urząd Pracy
Bagażowy,,,Urząd Pracy
bagienny zbieracz,,,Warhammer FRP
bajarz,,,Warhammer FRP
balsamista,,,Warhammer FRP
Bandażysta ortopedyczny,,,Urząd Pracy
bankowiec,bankowczyni,"przyjmuje i wypłaca pieniądze, udziela kredytów",
bard,,,Warhammer FRP
Barista,,zajmuje się kawą i wszystkim co z nią związane,Urząd Pracy
Barman,,miesza drinki,Urząd Pracy
Bednarz,,"wytwarza i naprawia przedmioty z drewna, takie jak beczki, meble czy narzędzia",Urząd Pracy
Betoniarz,,,Urząd Pracy
bibliotekarz,bibliotekarka,,Urząd Pracy
Bieliźniarz,,,Urząd Pracy
Bieliźniarz-kołdrzarz,,,Urząd Pracy
Bileter,,,Urząd Pracy
Biochemik,,,Urząd Pracy
Bioenergoterapeuta,,,Urząd Pracy
Biofizyk,,,Urząd Pracy
Bioinformatyk,,,Urząd Pracy
Bioinżynier,,,Urząd Pracy
Biolog,,,Urząd Pracy
Biomasażysta,,,Urząd Pracy
Biotechnolog,,,Urząd Pracy
blacharz,,,Urząd Pracy
bosman,,,Warhammer FRP
Botanik,,,Urząd Pracy
Brązownik,,,Urząd Pracy
Brukarz,,,Urząd Pracy
budowniczy,,,Warhammer FRP
Bukieciarz,,,Urząd Pracy
bursztyniarz,bursztyniarka,"ocenia, klasyfikuje i przygotowuje bursztyn do produkcji ręcznej albo mechanicznej",Nietypowe zawody
Charakteryzator,,,Urząd Pracy
Chemik,,,Urząd Pracy
Chiropraktyk,,"leczy i zapobiega zaburzeniom narządu ruchu, zwłaszcza kręgosłupa",Urząd Pracy
Chirurg pielęgniarz drzew,,,Urząd Pracy
cholewkarz,,wykonuje wierzchnie części obuwia,Urząd Pracy
Choreograf,,,Urząd Pracy
chórzysta,,,Warhammer FRP
Ciągacz rur,,,Urząd Pracy
Cykliniarz,,,Urząd Pracy
cyrkowiec,,,Warhammer FRP
czarnoksiężnik,,,Warhammer FRP
czarownik,,,Warhammer FRP
Czyściciel basenów pływackich,,,Urząd Pracy
Czyściciel butów,,,Urząd Pracy
Czyściciel dywanów,,,Urząd Pracy
Czyściciel elewacji budowlanych,,,Urząd Pracy
Czyściciel pojazdów,,,Urząd Pracy
dekarz,,pokrywa i naprawia dachy materiałami dekarskimi,Urząd Pracy
Dekorator wnętrz,,,Urząd Pracy
Dekorator wyrobów cukierniczych,,,Urząd Pracy
Demonstrator wyrobów,,,Urząd Pracy
Detektyw prywatny,,,Urząd Pracy
Dietetyk,,,Urząd Pracy
Dojarz,,,Urząd Pracy
dojarz węży,dojarka węży,"osoba, która zbiera jad najbardziej niebezpiecznych gatunków węży (do produkcji antidotów i lekarstw)",Nietypowe zawody
doker,,,Warhammer FRP
domokrążca,,,Warhammer FRP
Doradca zawodowy,,,Urząd Pracy
Dorożkarz,,,Urząd Pracy
Dostawca potraw,,,Urząd Pracy
Drukarz,,,Urząd Pracy
Drwal / pilarz drzew,,,Urząd Pracy
Dyrygent,,,Urząd Pracy
Dyspozytor radio taxi,,,Urząd Pracy
Dystrybutor ulotek,,,Urząd Pracy
Dziennikarz,,,Urząd Pracy
Dziewiarz,,,Urząd Pracy
Dźwigowy (windziarz),,,Urząd Pracy
edukator ekologiczny,edukatorka ekologiczna,"szkoli, udziela porad w kwestii działań na rzecz ziemi różnym grupom",Nietypowe zawody
Egzaminator osób ubiegających się o uprawnienia do kierowania pojazdem,,,Urząd Pracy
egzorcysta,,,Warhammer FRP
Ekolog,,,Urząd Pracy
Ekspedient pocztowy,,,Urząd Pracy
Ekspedient wypożyczalni,,,Urząd Pracy
Elektromechanik,,"specjalista od naprawy, konserwacji i obsługi urządzeń elektrycznych oraz mechanicznych (np. małe AGD, lodówki)",Urząd Pracy
Elektryk,,,Urząd Pracy
Epidemiolog,,,Urząd Pracy
Etnograf,,,Urząd Pracy
fałszerz,,,Warhammer FRP
Farmaceuta,,,Urząd Pracy
farmer,,,Warhammer FRP
Filozof,,,Urząd Pracy
Fizjolog,,,Urząd Pracy
Fizjoterapeuta,,,Urząd Pracy
Fizyk,,,Urząd Pracy
flisak,,,Warhammer FRP
Flisak - retman,,,Urząd Pracy
Florysta,,,Urząd Pracy
Fotograf,,,Urząd Pracy
Fotoreporter,,,Urząd Pracy
fryzjer,,,Urząd Pracy
fryzjer - barber,,,Urząd Pracy
Fryzjer zwierząt (groomer),,,Urząd Pracy
Garncarz,,,Urząd Pracy
gemmolog,gemmolożka,sprawdza jakość kamieni jubilerskich i je wycenia,Nietypowe zawody
Genetyk,,,Urząd Pracy
Geofizyk,,,Urząd Pracy
Geograf,,,Urząd Pracy
Geolog,,,Urząd Pracy
Gleboznawca,,,Urząd Pracy
goniec,,,Warhammer FRP
górnik,,,Warhammer FRP
Gospodyni,,,Urząd Pracy
Grafik komputerowy,,,Urząd Pracy
Grafolog,,,Urząd Pracy
Grzyboznawca,,,Urząd Pracy
Hafciarka,,,Urząd Pracy
herold,,,Warhammer FRP
Historyk,,,Urząd Pracy
Historyk sztuki,,,Urząd Pracy
Hodowca zwierząt,,,Urząd Pracy
Homeopata,,,Urząd Pracy
Hydraulik,,,Urząd Pracy
Hydrograf morski,,,Urząd Pracy
Hydrolog,,,Urząd Pracy
Hydrometeorolog,,,Urząd Pracy
Ilustrator,,,Urząd Pracy
Iluzjonista,,,Urząd Pracy
Imitator efektów dźwiękowych,imitatorka efektów dźwiękowych,,Urząd Pracy
Informatyk,,,Urząd Pracy
Inspicjent,,,Urząd Pracy
Instruktor nauki jazdy,,,Urząd Pracy
Instrumentalista,,,Urząd Pracy
Introligator,,,Urząd Pracy
Introligator galanteryjny,,,Urząd Pracy
Inwentaryzator,,,Urząd Pracy
Inżynier budownictwa – wyburzanie obiektów,,,Urząd Pracy
Inżynier budowy mostów,,,Urząd Pracy
Kaletnik,,,Urząd Pracy
Kamieniarz,,,Urząd Pracy
Kapelusznik-czapnik,,,Urząd Pracy
Kapitan portu,,,Urząd Pracy
Kapitan statku,,,Urząd Pracy
karczmarz,,,Warhammer FRP
kartograf,,,Warhammer FRP
Kaskader filmowy,,,Urząd Pracy
Kelner,,,Urząd Pracy
Kierowca autobusu,,,Urząd Pracy
Kierujący tramwajem (motorniczy),,,Urząd Pracy
Kinooperator,,,Urząd Pracy
Kioskarz,,,Urząd Pracy
Klasyfikator dziczyzny i ptactwa,,,Urząd Pracy
Klasyfikator gruntów,,,Urząd Pracy
Klasyfikator grzybów,,,Urząd Pracy
"Klasyfikator jaj, drobiu i pierza",,,Urząd Pracy
Klasyfikator ryb,,,Urząd Pracy
Klasyfikator skór,,,Urząd Pracy
Klasyfikator wyrobów przemysłowych,,,Urząd Pracy
Klaun (clown),,,Urząd Pracy
Klimatolog,,,Urząd Pracy
Kodowacz (koder),,,Urząd Pracy
Kołodziej,,,Urząd Pracy
Kolporter,,,Urząd Pracy
Kombajnista (kierowca kombajnu),,,Urząd Pracy
"Komendant policji (powiatowy, miejski, rejonowy, komisariatu)",,,Urząd Pracy
Komendant powiatowy / miejski państwowej straży pożarnej,,,Urząd Pracy
Komendant rewiru / posterunku policji,,,Urząd Pracy
Komendant straży gminnej / miejskiej,,,Urząd Pracy
Komentator sportowy,,,Urząd Pracy
Komik,,,Urząd Pracy
kominiarz,,,Warhammer FRP
KominiarzS,,,Urząd Pracy
Komornik sądowy,,,Urząd Pracy
Kompozytor,,,Urząd Pracy
kompozytor,kompozytorka,,
Komputerowy składacz tekstu,,,Urząd Pracy
Konduktor,,,Urząd Pracy
Konduktor kolei linowej,,,Urząd Pracy
Konfekcjoner wyrobów gumowych,,,Urząd Pracy
Konferansjer,,,Urząd Pracy
Konserwator budynków i stanu technicznego pomieszczeń,,,Urząd Pracy
Konserwator części / sprzętu,,,Urząd Pracy
Konserwator dzieł sztuki,,,Urząd Pracy
Konserwator sieci i systemów komputerowych,,,Urząd Pracy
Konserwator skór surowych,,,Urząd Pracy
Konserwator zabytków architektury,,,Urząd Pracy
Konstruktor form wtryskowych,,,Urząd Pracy
Konstruktor odzieży,,,Urząd Pracy
Konstruktor rozkładów jazdy,,,Urząd Pracy
Konsultant / agent sprzedaży bezpośredniej,,,Urząd Pracy
Konsultant do spraw kariery,,,Urząd Pracy
Konsultant do spraw systemów teleinformatycznych,,,Urząd Pracy
konsultant ds. snu,konsultantka ds. snu,pomaga w wyrobieniu sobie właściwych nawyków i identyfikowaniu problemów ze snem,Nietypowe zawody
Konsultant komitetu technicznego,,,Urząd Pracy
Kontroler (sterowniczy) procesów przeróbki ropy naftowej i gazu,,,Urząd Pracy
Kontroler (sterowniczy) procesów w produkcji nawozów sztucznych,,,Urząd Pracy
Kontroler (sterowniczy) reaktorów chemicznych,,,Urząd Pracy
Kontroler (sterowniczy) robotów przemysłowych,,,Urząd Pracy
Kontroler (sterowniczy) urządzeń destylacyjnych i rektyfikacyjnych,,,Urząd Pracy
Kontroler (sterowniczy) urządzeń do ciągnienia i tłoczenia metali,,,Urząd Pracy
Kontroler (sterowniczy) urządzeń do obróbki cieplnej chemikaliów,,,Urząd Pracy
Kontroler (sterowniczy) urządzeń do produkcji papieru,,,Urząd Pracy
Kontroler (sterowniczy) urządzeń do wytopu metali,,,Urząd Pracy
Kontroler (sterowniczy) urządzeń filtrujących i oddzielających,,,Urząd Pracy
Kontroler (sterowniczy) urządzeń koksowniczych,,,Urząd Pracy
Kontroler (sterowniczy) urządzeń obróbki cieplnej metali,,,Urząd Pracy
Kontroler (sterowniczy) urządzeń odlewniczych,,,Urząd Pracy
Kontroler (sterowniczy) urządzeń walcowniczych,,,Urząd Pracy
Kontroler biletów,,,Urząd Pracy
Kontroler finansowy,,,Urząd Pracy
Kontroler higieny mięsa,,,Urząd Pracy
Kontroler jakości połączeń spawanych,,,Urząd Pracy
Kontroler jakości produktów spożywczych,,,Urząd Pracy
Kontroler jakości wyrobów przemysłowych,,,Urząd Pracy
Kontroler kolejowy,,,Urząd Pracy
Kontroler państwowy,,,Urząd Pracy
Kontroler pocztowy,,,Urząd Pracy
Kontroler rozliczeń pieniężnych,,,Urząd Pracy
Kontroler rozliczeń podatkowych,,,Urząd Pracy
Kontroler ruchu lotniczego,,,Urząd Pracy
Kontroler stanu technicznego pojazdów,,,Urząd Pracy
Konwojent (konduktor) wagonów specjalnych,,,Urząd Pracy
Koordynator badań klinicznych,,,Urząd Pracy
Koordynator pobierania i przeszczepiania tkanek i narządów,,,Urząd Pracy
Koordynator projektów unijnych,,,Urząd Pracy
Koordynator rodzinnej pieczy zastępczej,,,Urząd Pracy
Kopacz,,,Urząd Pracy
Korektor (naprawiacz) instrumentów muzycznych,,,Urząd Pracy
Korektor i stroiciel instrumentów muzycznych,,,Urząd Pracy
Korektor tekstu,,,Urząd Pracy
Korepetytor,,,Urząd Pracy
Koronkarka,,,Urząd Pracy
Kościelny,,,Urząd Pracy
Kosmetolog,,,Urząd Pracy
Kosmetyczka,,,Urząd Pracy
Kostiumograf,,,Urząd Pracy
Kosztorysant budowlany,,,Urząd Pracy
Koszykarz-plecionkarzS,,,Urząd Pracy
kowal,,,Warhammer FRP
Kowal wyrobów zdobniczych,,,Urząd Pracy
KowalS,,,Urząd Pracy
Kożusznik,,,Urząd Pracy
Krajacz materiałów budowlanych,,,Urząd Pracy
Krajacz szkła,,,Urząd Pracy
KrawiecS,,,Urząd Pracy
Kremator,,,Urząd Pracy
Krojczy,,,Urząd Pracy
Krupier,,,Urząd Pracy
Kryminolog,,,Urząd Pracy
Krytyk artystyczny,,,Urząd Pracy
Krytyk kulinarny,,,Urząd Pracy
Księgowy,,,Urząd Pracy
KucharzS,,,Urząd Pracy
Kulturoznawca,,,Urząd Pracy
kupiec,,,Warhammer FRP
Kurator sądowy,,,Urząd Pracy
Kurier,,,Urząd Pracy
Kurier motocyklowy,,,Urząd Pracy
KuśnierzS,,,Urząd Pracy
Kynoterapeuta (dogoterapeuta),,,Urząd Pracy
Laborant biochemiczny,,,Urząd Pracy
Laborant budowlany,,,Urząd Pracy
Laborant chemiczny,,,Urząd Pracy
Laborant mikrobiologiczny,,,Urząd Pracy
Laborant nasiennictwa,,,Urząd Pracy
Laborant w hodowli roślin,,,Urząd Pracy
Laborant w hodowli zwierząt,,,Urząd Pracy
Laborant weterynaryjny,,,Urząd Pracy
Ładowacz,,,Urząd Pracy
Ładowacz nieczystości płynnych,,,Urząd Pracy
Ładowacz nieczystości stałych,,,Urząd Pracy
Lagowacz,,,Urząd Pracy
Lakiernik,,,Urząd Pracy
Lakiernik proszkowy,,,Urząd Pracy
Lakiernik samochodowyS,,,Urząd Pracy
Lakiernik tworzyw sztucznych,,,Urząd Pracy
Lakiernik wyrobów drzewnych,,,Urząd Pracy
Latarnik,,,Urząd Pracy
latarnik,,,Warhammer FRP
Łazienkowa,,,Urząd Pracy
Legalizator,,,Urząd Pracy
Legislator,,,Urząd Pracy
Lekarz,,,Urząd Pracy
Lekarz – specjalista alergologii,,,Urząd Pracy
Lekarz – specjalista anestezjologii i intensywnej terapii,,,Urząd Pracy
Lekarz – specjalista angiologii,,,Urząd Pracy
Lekarz – specjalista audiologii i foniatrii,,,Urząd Pracy
Lekarz – specjalista balneologii i medycyny fizykalnej,,,Urząd Pracy
Lekarz – specjalista chirurgii dziecięcej,,,Urząd Pracy
Lekarz – specjalista chirurgii klatki piersiowej,,,Urząd Pracy
Lekarz – specjalista chirurgii naczyniowej,,,Urząd Pracy
Lekarz – specjalista chirurgii ogólnej,,,Urząd Pracy
Lekarz – specjalista chirurgii onkologicznej,,,Urząd Pracy
Lekarz – specjalista chirurgii plastycznej,,,Urząd Pracy
Lekarz – specjalista chirurgii szczękowo-twarzowej,,,Urząd Pracy
Lekarz – specjalista chorób płuc,,,Urząd Pracy
Lekarz – specjalista chorób płuc dzieci,,,Urząd Pracy
Lekarz – specjalista chorób wewnętrznych,,,Urząd Pracy
Lekarz – specjalista chorób zakaźnych,,,Urząd Pracy
Lekarz – specjalista dermatologii i wenerologii,,,Urząd Pracy
Lekarz – specjalista diabetologii,,,Urząd Pracy
Lekarz – specjalista diagnostyki laboratoryjnej,,,Urząd Pracy
Lekarz – specjalista endokrynologii,,,Urząd Pracy
Lekarz – specjalista endokrynologii ginekologicznej i rozrodczości,,,Urząd Pracy
Lekarz – specjalista endokrynologii i diabetologii dziecięcej,,,Urząd Pracy
Lekarz – specjalista epidemiologii,,,Urząd Pracy
Lekarz – specjalista farmakologii klinicznej,,,Urząd Pracy
Lekarz – specjalista gastroenterologii,,,Urząd Pracy
Lekarz – specjalista gastroenterologii dziecięcej,,,Urząd Pracy
Lekarz – specjalista genetyki klinicznej,,,Urząd Pracy
Lekarz – specjalista geriatrii,,,Urząd Pracy
Lekarz – specjalista ginekologii onkologicznej,,,Urząd Pracy
Lekarz – specjalista hematologii,,,Urząd Pracy
Lekarz – specjalista hipertensjologii,,,Urząd Pracy
Lekarz – specjalista immunologii klinicznej,,,Urząd Pracy
Lekarz – specjalista intensywnej terapii,,,Urząd Pracy
Lekarz – specjalista kardiochirurgii,,,Urząd Pracy
Lekarz – specjalista kardiologii,,,Urząd Pracy
Lekarz – specjalista kardiologii dziecięcej,,,Urząd Pracy
Lekarz – specjalista medycyny lotniczej,,,Urząd Pracy
Lekarz – specjalista medycyny morskiej i tropikalnej,,,Urząd Pracy
Lekarz – specjalista medycyny nuklearnej,,,Urząd Pracy
Lekarz – specjalista medycyny paliatywnej,,,Urząd Pracy
Lekarz – specjalista medycyny pracy,,,Urząd Pracy
Lekarz – specjalista medycyny ratunkowej,,,Urząd Pracy
Lekarz – specjalista medycyny rodzinnej,,,Urząd Pracy
Lekarz – specjalista medycyny sądowej,,,Urząd Pracy
Lekarz – specjalista medycyny sportowej,,,Urząd Pracy
Lekarz – specjalista medycyny transportu,,,Urząd Pracy
Lekarz – specjalista mikrobiologii lekarskiej,,,Urząd Pracy
Lekarz – specjalista nefrologii,,,Urząd Pracy
Lekarz – specjalista nefrologii dziecięcej,,,Urząd Pracy
Lekarz – specjalista neonatologii,,,Urząd Pracy
Lekarz – specjalista neurochirurgii,,,Urząd Pracy
Lekarz – specjalista neurologii,,,Urząd Pracy
Lekarz – specjalista neurologii dziecięcej,,,Urząd Pracy
Lekarz – specjalista neuropatologii,,,Urząd Pracy
Lekarz – specjalista okulistyki,,,Urząd Pracy
Lekarz – specjalista onkologii i hematologii dziecięcej,,,Urząd Pracy
Lekarz – specjalista onkologii klinicznej,,,Urząd Pracy
Lekarz – specjalista ortopedii i traumatologia narządu ruchu,,,Urząd Pracy
Lekarz – specjalista otorynolaryngologii,,,Urząd Pracy
Lekarz – specjalista otorynolaryngologii dziecięcej,,,Urząd Pracy
Lekarz – specjalista patomorfologii,,,Urząd Pracy
Lekarz – specjalista pediatrii,,,Urząd Pracy
Lekarz – specjalista pediatrii metabolicznej,,,Urząd Pracy
Lekarz – specjalista perinatologii,,,Urząd Pracy
Lekarz – specjalista położnictwa i ginekologii,,,Urząd Pracy
Lekarz – specjalista psychiatrii,,,Urząd Pracy
Lekarz – specjalista psychiatrii dzieci i młodzieży,,,Urząd Pracy
Lekarz – specjalista radiologii i diagnostyki obrazowej,,,Urząd Pracy
Lekarz – specjalista radioterapii onkologicznej,,,Urząd Pracy
Lekarz – specjalista rehabilitacji medycznej,,,Urząd Pracy
Lekarz – specjalista reumatologii,,,Urząd Pracy
Lekarz – specjalista seksuologii,,,Urząd Pracy
Lekarz – specjalista toksykologii klinicznej,,,Urząd Pracy
Lekarz – specjalista transfuzjologii klinicznej,,,Urząd Pracy
Lekarz – specjalista transplantologii klinicznej,,,Urząd Pracy
Lekarz – specjalista urologii,,,Urząd Pracy
Lekarz – specjalista urologii dziecięcej,,,Urząd Pracy
Lekarz – specjalista zdrowia publicznego,,,Urząd Pracy
Lekarz dentysta,,,Urząd Pracy
Lekarz dentysta – specjalista chirurgii stomatologicznej,,,Urząd Pracy
Lekarz dentysta – specjalista chirurgii szczękowo-twarzowej,,,Urząd Pracy
Lekarz dentysta – specjalista epidemiologii,,,Urząd Pracy
Lekarz dentysta – specjalista ortodoncji,,,Urząd Pracy
Lekarz dentysta – specjalista periodontologii,,,Urząd Pracy
Lekarz dentysta – specjalista protetyki stomatologicznej,,,Urząd Pracy
Lekarz dentysta – specjalista stomatologii dziecięcej,,,Urząd Pracy
Lekarz dentysta – specjalista stomatologii zachowawczej z endodoncji,,,Urząd Pracy
Lekarz dentysta – specjalista zdrowia publicznego,,,Urząd Pracy
Lekarz dentysta ze specjalizacją I stopnia,,,Urząd Pracy
Lekarz ordynator oddziału,,,Urząd Pracy
Lekarz weterynarii,,,Urząd Pracy
Lekarz weterynarii – specjalista chirurgii weterynaryjnej,,,Urząd Pracy
Lekarz weterynarii – specjalista chorób drobiu i ptaków ozdobnych,,,Urząd Pracy
Lekarz weterynarii – specjalista chorób koni,,,Urząd Pracy
Lekarz weterynarii – specjalista chorób owadów użytkowych,,,Urząd Pracy
Lekarz weterynarii – specjalista chorób przeżuwaczy,,,Urząd Pracy
Lekarz weterynarii – specjalista chorób psów i kotów,,,Urząd Pracy
Lekarz weterynarii – specjalista chorób ryb,,,Urząd Pracy
Lekarz weterynarii – specjalista chorób trzody chlewnej,,,Urząd Pracy
Lekarz weterynarii – specjalista chorób zwierząt futerkowych,,,Urząd Pracy
Lekarz weterynarii – specjalista chorób zwierząt nieudomowionych,,,Urząd Pracy
Lekarz weterynarii – specjalista epizootiologii i administracji weterynaryjnej,,,Urząd Pracy
Lekarz weterynarii – specjalista higieny zwierząt rzeźnych i żywności pochodzenia zwierzęcego,,,Urząd Pracy
Lekarz weterynarii – specjalista prewencji weterynaryjnej i higieny pasz,,,Urząd Pracy
Lekarz weterynarii – specjalista radiologii weterynaryjnej,,,Urząd Pracy
Lekarz weterynarii – specjalista rozrodu zwierząt,,,Urząd Pracy
Lekarz weterynarii – specjalista użytkowania i patologii zwierząt laboratoryjnych,,,Urząd Pracy
Lekarz weterynarii – specjalista weterynaryjnej diagnostyki laboratoryjnej,,,Urząd Pracy
Lekarz ze specjalizacją I stopnia,,,Urząd Pracy
Lektor dialogów filmowych i radiowych,,,Urząd Pracy
Lektor języka obcego,,,Urząd Pracy
leśnik,,,Warhammer FRP
leśny duch,,,Warhammer FRP
Licytator,,,Urząd Pracy
Liczarz,,,Urząd Pracy
Likwidator szkód,,,Urząd Pracy
Listonosz,,,Urząd Pracy
Lobbysta,,,Urząd Pracy
Logopeda,,,Urząd Pracy
Łubiankarz,,,Urząd Pracy
Ludwisarz,,,Urząd Pracy
Lustrzarz,,,Urząd Pracy
Lutowacz,,,Urząd Pracy
Magazynier,,,Urząd Pracy
Magazynier-logistykS,,,Urząd Pracy
Maglarz,,,Urząd Pracy
Makler giełd towarowych,,,Urząd Pracy
Makler morski,,,Urząd Pracy
Makler nadzorujący,,,Urząd Pracy
Makler papierów wartościowych,,,Urząd Pracy
Malarz budowlany,,,Urząd Pracy
Malarz-lakiernik konstrukcji i wyrobów metalowych,,,Urząd Pracy
Malarz-lakiernik samolotowy,,,Urząd Pracy
Malarz-tapeciarz,,,Urząd Pracy
Manewrowy,,,Urząd Pracy
Manewrowy metra,,,Urząd Pracy
Manikiurzystka,,,Urząd Pracy
Manipulant drewna okrągłego,,,Urząd Pracy
Marynarz motorzysta żeglugi śródlądowej,,,Urząd Pracy
Marynarz statku morskiego,,,Urząd Pracy
Marynarz żeglugi śródlądowej,,,Urząd Pracy
Maślarz,,,Urząd Pracy
Masztalerz,,,Urząd Pracy
Maszynista,,,Urząd Pracy
Maszynista agregatów prądotwórczych,,,Urząd Pracy
Maszynista chłodni,,,Urząd Pracy
Maszynista doku,,,Urząd Pracy
Maszynista górniczych maszyn wyciągowych,,,Urząd Pracy
"Maszynista kolei linowych, wyciągów narciarskich i zjeżdżalni grawitacyjnych",,,Urząd Pracy
Maszynista kotła,,,Urząd Pracy
Maszynista maszyn fleksograficznych,,,Urząd Pracy
Maszynista maszyn offsetowych,,,Urząd Pracy
Maszynista maszyn typograficznych,,,Urząd Pracy
Maszynista maszyn wklęsłodrukowych,,,Urząd Pracy
Maszynista obsługujący urządzenia do napełniania i opróżniania zbiorników,,,Urząd Pracy
Maszynista pociągu metra,,,Urząd Pracy
Maszynista pomocniczych pojazdów kolejowych metra,,,Urząd Pracy
Maszynista specjalistycznych dźwignic kolejowych,,,Urząd Pracy
Maszynista sprężarek,,,Urząd Pracy
Maszynista turbozespołu parowego,,,Urząd Pracy
Maszynista turbozespołu wodnego,,,Urząd Pracy
Maszynista urządzeń ciepłowniczych elektrowni,,,Urząd Pracy
Maszynista urządzeń nawęglania,,,Urząd Pracy
Maszynista urządzeń odpopielania i odżużlania,,,Urząd Pracy
Maszynista urządzeń pomocniczych elektrowni,,,Urząd Pracy
Maszynista wentylatorów w kopalni,,,Urząd Pracy
Maszynowy szlifierz-polerowacz szkła,,,Urząd Pracy
Matematyk,,,Urząd Pracy
Mechanik / konserwator urządzeń do napełniania i opróżniania zbiorników,,,Urząd Pracy
Mechanik / konserwator urządzeń dźwignicowych,,,Urząd Pracy
Mechanik autobusów,,,Urząd Pracy
Mechanik automatyki przemysłowej i urządzeń precyzyjnych,,,Urząd Pracy
Mechanik ciągników,,,Urząd Pracy
Mechanik lotniczy obsługi technicznej,,,Urząd Pracy
Mechanik maszyn i urządzeń budowlanych i melioracyjnych,,,Urząd Pracy
Mechanik maszyn i urządzeń do obróbki metali,,,Urząd Pracy
Mechanik maszyn i urządzeń drogowych,,,Urząd Pracy
Mechanik maszyn i urządzeń górnictwa odkrywkowego,,,Urząd Pracy
Mechanik maszyn i urządzeń górnictwa podziemnego,,,Urząd Pracy
Mechanik maszyn i urządzeń przemysłowych,,,Urząd Pracy
Mechanik maszyn rolniczych,,,Urząd Pracy
Mechanik maszyn szwalniczych,,,Urząd Pracy
Mechanik motocyklowyS,,,Urząd Pracy
Mechanik okrętowy,,,Urząd Pracy
Mechanik płatowców,,,Urząd Pracy
Mechanik pojazdów kolejowychS,,,Urząd Pracy
Mechanik pojazdów samochodowychS,,,Urząd Pracy
Mechanik pokładowy,,,Urząd Pracy
Mechanik precyzyjnyS,,,Urząd Pracy
Mechanik samochodów ciężarowych,,,Urząd Pracy
Mechanik samochodów osobowych,,,Urząd Pracy
Mechanik silników lotniczych,,,Urząd Pracy
Mechanik silników spalinowych,,,Urząd Pracy
Mechanik statkowy żeglugi śródlądowej,,,Urząd Pracy
Mechanik taboru kolejowego,,,Urząd Pracy
Mechanik urządzeń chłodniczych,,,Urząd Pracy
Mechanik urządzeń klimatyzacyjnych,,,Urząd Pracy
Mechanik wyposażenia lotniczego statków powietrznych,,,Urząd Pracy
Mechanik-monter maszyn i urządzeńS,,,Urząd Pracy
Mechanik-operator maszyn do produkcji drzewnej,,,Urząd Pracy
Mechanik-operator pojazdów i maszyn rolniczychS,,,Urząd Pracy
MechatronikS,,,Urząd Pracy
Mediator,,,Urząd Pracy
Mediator sądowy,,,Urząd Pracy
medyk,,,Warhammer FRP
megafonista,megafonistka,przekazuje informacje przez megafon na stacjach PKP,Nietypowe zawody
Meliorant,,,Urząd Pracy
Menedżer artystyczny,,,Urząd Pracy
Menedżer dyscypliny sportu,,,Urząd Pracy
Menedżer imprez sportowych,,,Urząd Pracy
Menedżer klubu muzycznego,,,Urząd Pracy
Menedżer marki (brand manager),,,Urząd Pracy
Menedżer produktu.(product manager),,,Urząd Pracy
Menedżer sportu,,,Urząd Pracy
Menedżer zawartości serwisów internetowych,,,Urząd Pracy
Metaloplastyk,,,Urząd Pracy
Meteorolog,,,Urząd Pracy
Metodyk edukacji na odległość,,,Urząd Pracy
Metodyk technologii informacyjnych i komunikacyjnych,,,Urząd Pracy
Metrolog,,,Urząd Pracy
Mikrobiolog,,,Urząd Pracy
Mikser dźwięku,,,Urząd Pracy
Mikser obrazu,,,Urząd Pracy
Mim,,,Urząd Pracy
Mistrz produkcji w budownictwie drogowym,,,Urząd Pracy
Mistrz produkcji w budownictwie kolejowym,,,Urząd Pracy
Mistrz produkcji w budownictwie mostowym,,,Urząd Pracy
Mistrz produkcji w budownictwie ogólnym,,,Urząd Pracy
Mistrz produkcji w budownictwie przemysłowym,,,Urząd Pracy
Mistrz produkcji w budownictwie wodnym,,,Urząd Pracy
Mistrz produkcji w poligrafii,,,Urząd Pracy
Mistrz produkcji w przemyśle chemicznym,,,Urząd Pracy
Mistrz produkcji w przemyśle drzewnym,,,Urząd Pracy
Mistrz produkcji w przemyśle elektromaszynowym,,,Urząd Pracy
Mistrz produkcji w przemyśle elektronicznym,,,Urząd Pracy
Mistrz produkcji w przemyśle farmaceutycznym,,,Urząd Pracy
Mistrz produkcji w przemyśle metalurgicznym,,,Urząd Pracy
Mistrz produkcji w przemyśle odzieżowym,,,Urząd Pracy
Mistrz produkcji w przemyśle samochodowym,,,Urząd Pracy
Mistrz produkcji w przemyśle spożywczym,,,Urząd Pracy
Mistrz produkcji w przemyśle włókienniczym,,,Urząd Pracy
Młynarz,,,Urząd Pracy
Modelarz odlewniczyS,,,Urząd Pracy
Modelarz odlewnik gipsowych form roboczych,,,Urząd Pracy
Modelarz wyrobów plecionkarskich,,,Urząd Pracy
Modelka / model,,,Urząd Pracy
Modystka,,,Urząd Pracy
Moletownik,,,Urząd Pracy
Montażysta dekoracji,,,Urząd Pracy
Montażysta dźwięku,,,Urząd Pracy
Montażysta obrazu,,,Urząd Pracy
Montażysta reprodukcyjny,,,Urząd Pracy
Monter / konserwator instalacji wentylacyjnych i klimatyzacyjnych,,,Urząd Pracy
"Monter / konserwator kolei linowych, wyciągów narciarskich i zjeżdżalni grawitacyjnych",,,Urząd Pracy
Monter / konserwator urządzeń przeciwpożarowych,,,Urząd Pracy
Monter / konserwator urządzeń zabezpieczeń technicznych osób i mienia,,,Urząd Pracy
Monter / składacz okien,,,Urząd Pracy
Monter aparatów i przyrządów optycznych,,,Urząd Pracy
Monter aparatury i urządzeń chemicznych,,,Urząd Pracy
Monter aparatury i urządzeń techniki jądrowej,,,Urząd Pracy
Monter aparatury rozdzielczej i kontrolnej energii elektrycznej,,,Urząd Pracy
Monter bram,,,Urząd Pracy
Monter budownictwa wodnegoS,,,Urząd Pracy
Monter elektronicznego wyposażenia maszyn i urządzeń,,,Urząd Pracy
Monter elektroniki samochodowej,,,Urząd Pracy
Monter elektrycznego sprzętu gospodarstwa domowego,,,Urząd Pracy
Monter elektrycznych przyrządów pomiarowych,,,Urząd Pracy
Monter fasad,,,Urząd Pracy
Monter fortepianów i pianin,,,Urząd Pracy
Monter instalacji fotowoltaicznych,,,Urząd Pracy
Monter instalacji gazów medycznych,,,Urząd Pracy
Monter instalacji gazowych,,,Urząd Pracy
Monter instalacji i urządzeń sanitarnych,,,Urząd Pracy
Monter instalacji i urządzeń telekomunikacyjnych (telemonter),,,Urząd Pracy
Monter instrumentów muzycznych,,,Urząd Pracy
Monter izolacji budowlanychS,,,Urząd Pracy
Monter izolacji chemoodpornych i antykorozyjnych,,,Urząd Pracy
Monter izolacji przemysłowychS,,,Urząd Pracy
Monter jachtów i łodziS,,,Urząd Pracy
Monter kadłubów i jednostek pływającychS,,,Urząd Pracy
Monter kadłubów okrętowych,,,Urząd Pracy
Monter kamiennych elementów budowlanych,,,Urząd Pracy
Monter konstrukcji aluminiowych,,,Urząd Pracy
Monter konstrukcji budowlanychS,,,Urząd Pracy
Monter konstrukcji linowych stałych,,,Urząd Pracy
Monter konstrukcji stalowych,,,Urząd Pracy
Monter konstrukcji targowo-wystawienniczejS,,,Urząd Pracy
Monter kotłów i armatury kotłowej,,,Urząd Pracy
Monter maszyn elektrycznych,,,Urząd Pracy
Monter maszyn i urządzeń okrętowych,,,Urząd Pracy
Monter maszyn i urządzeń przemysłowych,,,Urząd Pracy
Monter mebli,,,Urząd Pracy
Monter mechanizmów i przyrządów precyzyjnych,,,Urząd Pracy
Monter mechatronik,,,Urząd Pracy
Monter nawierzchni kolejowejS,,,Urząd Pracy
Monter obrabiarek,,,Urząd Pracy
Monter ociepleń budynków,,,Urząd Pracy
Monter ogrodzeń,,,Urząd Pracy
Monter osprzętu elektrotechnicznego,,,Urząd Pracy
Monter płatowców i śmigłowców,,,Urząd Pracy
Monter płyt kartonowo-gipsowych,,,Urząd Pracy
Monter podzespołów i zespołów elektronicznych,,,Urząd Pracy
Monter pojazdów i urządzeń transportowych,,,Urząd Pracy
Monter reklam,,,Urząd Pracy
Monter rurociągów górniczych,,,Urząd Pracy
Monter rurociągów okrętowych,,,Urząd Pracy
Monter rurociągów przemysłowych,,,Urząd Pracy
Monter rusztowań,,,Urząd Pracy
Monter samochodowej instalacji gazowej (LPG),,,Urząd Pracy
Monter sieci cieplnych,,,Urząd Pracy
Monter sieci deszczownianych,,,Urząd Pracy
Monter sieci gazowych,,,Urząd Pracy
Monter sieci i instalacji sanitarnychS,,,Urząd Pracy
Monter sieci i urządzeń telekomunikacyjnychS,,,Urząd Pracy
Monter sieci telekomunikacyjnych,,,Urząd Pracy
Monter sieci wodnych i kanalizacyjnych,,,Urząd Pracy
"Monter sieci, instalacji i urządzeń sanitarnych",,,Urząd Pracy
Monter silników spalinowych,,,Urząd Pracy
Monter sprzętu gospodarstwa domowego,,,Urząd Pracy
Monter sprzętu oświetleniowego i lamp elektrycznych,,,Urząd Pracy
Monter sprzętu radiowego i telewizyjnego,,,Urząd Pracy
Monter stolarki budowlanejS,,,Urząd Pracy
Monter systemów rurociągowychS,,,Urząd Pracy
Monter systemów suchej zabudowy,,,Urząd Pracy
Monter szkła budowlanego,,,Urząd Pracy
Monter taboru szynowego,,,Urząd Pracy
Monter układów hydraulicznych i pneumatycznych,,,Urząd Pracy
Monter urządzeń chłodniczych i gastronomicznych,,,Urząd Pracy
Monter urządzeń energetyki odnawialnej,,,Urząd Pracy
Monter urządzeń laserowych,,,Urząd Pracy
Monter urządzeń medycznych,,,Urząd Pracy
Monter urządzeń sterowania ruchem kolejowym,,,Urząd Pracy
Monter urządzeń sterowania ruchem pociągów metra,,,Urząd Pracy
Monter urządzeń zdalnego sterowania i kontroli dyspozytorskiej metra,,,Urząd Pracy
Monter wiązek elektrycznych,,,Urząd Pracy
Monter wiertni,,,Urząd Pracy
"Monter wyrobów tekstylnych, z tektury i pokrewnych materiałów",,,Urząd Pracy
Monter wyrobów z drewna,,,Urząd Pracy
Monter wyrobów z tworzyw sztucznych,,,Urząd Pracy
Monter zabudowy i robót wykończeniowych w budownictwieS,,,Urząd Pracy
Monter żaluzji,,,Urząd Pracy
Monter zestrajacz urządzeń elektronicznych,,,Urząd Pracy
Monter znaków nawigacyjnych,,,Urząd Pracy
Monter-elektronik,,,Urząd Pracy
Monter-elektronik – aparatura medyczna,,,Urząd Pracy
Monter-elektronik – aparatura pomiarowa,,,Urząd Pracy
Monter-elektronik – elektroniczne instrumenty muzyczne,,,Urząd Pracy
Monter-elektronik – elektroniczny sprzęt sygnalizacyjny i systemy sygnalizacyjne,,,Urząd Pracy
Monter-elektronik – instalacja anten,,,Urząd Pracy
Monter-elektronik – naprawa sprzętu audiowizualnego,,,Urząd Pracy
Monter-elektronik – sprzęt komputerowy,,,Urząd Pracy
Monter-elektronik – układy elektroniczne automatyki przemysłowej,,,Urząd Pracy
Monter-elektronik – urządzenia radiokomunikacyjne,,,Urząd Pracy
Monter-elektronik – urządzenia radiowo-telewizyjne,,,Urząd Pracy
Monter-instalator urządzeń technicznych w budownictwie wiejskim,,,Urząd Pracy
Monter-mechanik rowerów / wózków,,,Urząd Pracy
Mostowniczy,,,Urząd Pracy
Motorzysta wachtowy,,,Urząd Pracy
Murarz,,,Urząd Pracy
Murarz-tynkarzS,,,Urząd Pracy
Muzealnik,,,Urząd Pracy
Muzykolog,,,Urząd Pracy
muzykoterapeuta,muzykoterapeutka,wykorzystuje muzykę do prowadzenia terapii wspomagającej procesy edukacji i leczenia,Nietypowe zawody
Muzykoterapeuta,,,Urząd Pracy
MuzykS,,,Urząd Pracy
Mygłowacz,,,Urząd Pracy
mytnik,,,Warhammer FRP
Naczelnik / kierownik wydziału,,,Urząd Pracy
najemnik,,,Warhammer FRP
name (m),name (f),description,source
Nanotechnolog (inżynier nanostruktur),,,Urząd Pracy
Napełniający zbiorniki przenośne,,,Urząd Pracy
Nastawniczy,,,Urząd Pracy
Naturopata,,,Urząd Pracy
Nauczyciel akademicki – nauki humanistyczne,,,Urząd Pracy
Nauczyciel akademicki – nauki inżynieryjno-techniczne,,,Urząd Pracy
Nauczyciel akademicki – nauki medyczne i nauki o zdrowiu,,,Urząd Pracy
Nauczyciel akademicki – nauki o rodzinie,,,Urząd Pracy
Nauczyciel akademicki – nauki rolnicze,,,Urząd Pracy
Nauczyciel akademicki – nauki ścisłe i przyrodnicze,,,Urząd Pracy
Nauczyciel akademicki – nauki społeczne,,,Urząd Pracy
Nauczyciel akademicki – nauki teologiczne,,,Urząd Pracy
Nauczyciel akademicki – nauki weterynaryjne,,,Urząd Pracy
Nauczyciel akademicki – sztuka,,,Urząd Pracy
Nauczyciel bibliotekarz,,,Urząd Pracy
Nauczyciel domowy,,,Urząd Pracy
Nauczyciel doradca metodyczny,,,Urząd Pracy
Nauczyciel edukacji wczesnoszkolnej,,,Urząd Pracy
Nauczyciel innych form wychowania przedszkolnego,,,Urząd Pracy
Nauczyciel konsultant,,,Urząd Pracy
Nauczyciel logopeda,,,Urząd Pracy
Nauczyciel muzyki w placówkach pozaszkolnych,,,Urząd Pracy
Nauczyciel nauczania na odległość,,,Urząd Pracy
"Nauczyciel niedostosowanych społecznie (pedagog resocjalizacji, socjoterapeuta)",,,Urząd Pracy
Nauczyciel niesłyszących i słabosłyszących (surdopedagog),,,Urząd Pracy
Nauczyciel niewidomych i  słabowidzących (tyflopedagog),,,Urząd Pracy
Nauczyciel osób z niepełnosprawnością intelektualną (oligofrenopedagog),,,Urząd Pracy
Nauczyciel praktycznej nauki zawodu,,,Urząd Pracy
Nauczyciel przedmiotów teoretycznych zawodowych,,,Urząd Pracy
Nauczyciel przedmiotów zawodowych artystycznych,,,Urząd Pracy
Nauczyciel przedmiotu w szkole podstawowej,,,Urząd Pracy
Nauczyciel przedmiotu w szkole ponadpodstawowej,,,Urząd Pracy
Nauczyciel przedszkola,,,Urząd Pracy
Nauczyciel przewlekle chorych oraz osób z niepełnosprawnością ruchową,,,Urząd Pracy
Nauczyciel psycholog,,,Urząd Pracy
Nauczyciel specjalista terapii pedagogicznej,,,Urząd Pracy
Nauczyciel sztuki w placówkach pozaszkolnych,,,Urząd Pracy
Nauczyciel technologii informatycznych w placówkach pozaszkolnych,,,Urząd Pracy
Nauczyciel w placówkach pozaszkolnych,,,Urząd Pracy
nawigator,,,Warhammer FRP
Nawigator lotniczy,,,Urząd Pracy
Negocjator biznesowy,,,Urząd Pracy
Negocjator policyjny,,,Urząd Pracy
Neurologopeda,,,Urząd Pracy
Normalizator,,,Urząd Pracy
Noszowy,,,Urząd Pracy
Notariusz,,,Urząd Pracy
numerolog,numerolożka,,Harry Potter
Nurek,,,Urząd Pracy
Obchodowy bloku,,,Urząd Pracy
Obserwator radarowy żeglugi śródlądowej,,,Urząd Pracy
Obuwnik miarowy,,,Urząd Pracy
Obuwnik ortopedyczny,,,Urząd Pracy
Obuwnik przemysłowy,,,Urząd Pracy
ObuwnikS,,,Urząd Pracy
oceanolog,oceanolożka,"bada stan oceanów, czystość wody, żyjące organizmy",Nietypowe zawody
Oceanolog,,,Urząd Pracy
ochotnik,,,Warhammer FRP
ochroniarz,,,Warhammer FRP
Oczyszczacz kanalizacyjny (kanalarz),,,Urząd Pracy
Oczyszczacz konstrukcji stalowych,,,Urząd Pracy
Odczytywacz liczników,,,Urząd Pracy
odkrywca,,,Warhammer FRP
Odlewnik wyrobów ceramicznych,,,Urząd Pracy
Odlewnik wyrobów z materiałów polimerowych,,,Urząd Pracy
Odprawiacz pociągów,,,Urząd Pracy
Oficer automatyk okrętowy,,,Urząd Pracy
Oficer mechanik,,,Urząd Pracy
Oficer pokładowy,,,Urząd Pracy
Oficer portu,,,Urząd Pracy
Oficer zawodowy Sił Zbrojnych,,,Urząd Pracy
Ogrodnik – uprawa grzybów jadalnych,,,Urząd Pracy
Ogrodnik – uprawa roślin ozdobnych,,,Urząd Pracy
Ogrodnik – uprawa warzyw polowych,,,Urząd Pracy
Ogrodnik – uprawy pod osłonami,,,Urząd Pracy
Ogrodnik producent nasion,,,Urząd Pracy
Ogrodnik szkółkarz,,,Urząd Pracy
Ogrodnik terenów zieleni,,,Urząd Pracy
OgrodnikS,,,Urząd Pracy
Operator  drukarek 3D,,,Urząd Pracy
Operator (maszynista) stacji pomp,,,Urząd Pracy
Operator agregatów do obróbki cieplnej,,,Urząd Pracy
Operator agregatów natryskowych,,,Urząd Pracy
Operator aparatury do przetwarzania odpadów niebezpiecznych,,,Urząd Pracy
Operator aplikacji komputerowych,,,Urząd Pracy
Operator automatów ceglarskich i wapienno - piaskarskich,,,Urząd Pracy
Operator automatów do formowania wyrobów szklanych,,,Urząd Pracy
Operator automatycznej linii obróbki skrawaniem,,,Urząd Pracy
Operator badań defektoskopowych,,,Urząd Pracy
Operator bezprzewodowych sieci komputerowych,,,Urząd Pracy
Operator CAD,,,Urząd Pracy
Operator centrali telefonicznej,,,Urząd Pracy
Operator ciągników zrywkowych do zrywki podwieszanej,,,Urząd Pracy
operator dronów,operatorka dronów,"steruje dronami, by wykonywały różne trudne zadania",Nietypowe zawody
Operator DTP,,,Urząd Pracy
Operator dźwięku,,,Urząd Pracy
Operator dźwignic linotorowych,,,Urząd Pracy
Operator edytorów tekstu,,,Urząd Pracy
Operator fotoskładu,,,Urząd Pracy
Operator kalandrów wyrobów papierowych,,,Urząd Pracy
Operator kamery,,,Urząd Pracy
Operator komputerowych urządzeń peryferyjnych,,,Urząd Pracy
Operator kontroli bezpieczeństwa,,,Urząd Pracy
Operator koparki,,,Urząd Pracy
Operator koparko-ładowarki,,,Urząd Pracy
Operator kserokopiarek,,,Urząd Pracy
Operator ładowarki,,,Urząd Pracy
Operator linii do belowania makulatury,,,Urząd Pracy
Operator maszyn czyszczących,,,Urząd Pracy
Operator maszyn do formowania szkła płaskiego,,,Urząd Pracy
Operator maszyn do lakierowania i laminowania przetworów papierowych,,,Urząd Pracy
Operator maszyn do obróbki skrawaniem,,,Urząd Pracy
Operator maszyn do produkcji drutów i prętów,,,Urząd Pracy
Operator maszyn do produkcji opakowań z papieru i tektury,,,Urząd Pracy
Operator maszyn do produkcji papierowych artykułów piśmiennych,,,Urząd Pracy
Operator maszyn do produkcji papierowych artykułów toaletowych i sanitarnych,,,Urząd Pracy
Operator maszyn do produkcji papieru i tektury falistej,,,Urząd Pracy
Operator maszyn do produkcji papy,,,Urząd Pracy
Operator maszyn do produkcji płyt i sklejek,,,Urząd Pracy
Operator maszyn do produkcji sznurka i tulei,,,Urząd Pracy
Operator maszyn do produkcji taśm magnetycznych,,,Urząd Pracy
Operator maszyn do produkcji włóknin i przędzin,,,Urząd Pracy
Operator maszyn do produkcji wyrobów drewnianych,,,Urząd Pracy
"Operator maszyn do produkcji wyrobów z drutu, lin, siatek i kabli",,,Urząd Pracy
Operator maszyn do produkcji wyrobów z metalu,,,Urząd Pracy
Operator maszyn do przygotowania włókien,,,Urząd Pracy
Operator maszyn drogowych,,,Urząd Pracy
Operator maszyn dziewiarskich,,,Urząd Pracy
Operator maszyn i sprzętu torowego,,,Urząd Pracy
Operator maszyn i urządzeń chemicznej obróbki skór,,,Urząd Pracy
Operator maszyn i urządzeń do obróbki plastycznej,,,Urząd Pracy
Operator maszyn i urządzeń do pozyskiwania torfu,,,Urząd Pracy
Operator maszyn i urządzeń do produkcji łożysk tocznych,,,Urząd Pracy
Operator maszyn i urządzeń do produkcji okien z tworzyw sztucznych,,,Urząd Pracy
Operator maszyn i urządzeń do produkcji opakowań blaszanych,,,Urząd Pracy
Operator maszyn i urządzeń do przeróbki mechanicznej rud,,,Urząd Pracy
Operator maszyn i urządzeń do przeróbki mechanicznej węgla,,,Urząd Pracy
Operator maszyn i urządzeń do przerobu torfu,,,Urząd Pracy
Operator maszyn i urządzeń do przetwórstwa tworzyw sztucznychS,,,Urząd Pracy
Operator maszyn i urządzeń do robót ziemnych i drogowychS,,,Urząd Pracy
Operator maszyn i urządzeń do rozdrabniania i sortowania surowców mineralnych,,,Urząd Pracy
Operator maszyn i urządzeń hutniczych,,,Urząd Pracy
Operator maszyn i urządzeń mechanicznej obróbki skór,,,Urząd Pracy
Operator maszyn i urządzeń metalurgicznych,,,Urząd Pracy
Operator maszyn i urządzeń odlewniczychS,,,Urząd Pracy
Operator maszyn i urządzeń przemysłu drzewnegoS,,,Urząd Pracy
Operator maszyn i urządzeń przemysłu metalurgicznegoS,,,Urząd Pracy
Operator maszyn i urządzeń przemysłu spożywczegoS,,,Urząd Pracy
Operator maszyn i urządzeń przeróbczychS,,,Urząd Pracy
Operator maszyn i urządzeń w gospodarce odpadamiS,,,Urząd Pracy
Operator maszyn i urządzeń w przemyśle przetwórczym,,,Urząd Pracy
Operator maszyn i urządzeń wikliniarskich,,,Urząd Pracy
Operator maszyn introligatorskich,,,Urząd Pracy
Operator maszyn kopertujących,,,Urząd Pracy
Operator maszyn krojących i wykrawających do papieru,,,Urząd Pracy
Operator maszyn leśnychS,,,Urząd Pracy
Operator maszyn ogrodniczych,,,Urząd Pracy
Operator maszyn przędzalniczych,,,Urząd Pracy
Operator maszyn przygotowawczych do wytwarzania płaskich wyrobów włókienniczych,,,Urząd Pracy
Operator maszyn rolniczych,,,Urząd Pracy
Operator maszyn tapicerskich,,,Urząd Pracy
Operator maszyn tkackich,,,Urząd Pracy
Operator maszyn urabiających i ładujących,,,Urząd Pracy
Operator maszyn w przemyśle włókienniczymS,,,Urząd Pracy
Operator maszyn wykończalniczych wyrobów włókienniczych,,,Urząd Pracy
Operator maszyn zapałczanych,,,Urząd Pracy
Operator maszyny odwadniającej celulozę,,,Urząd Pracy
Operator maszyny papierniczej,,,Urząd Pracy
Operator maszyny rozlewniczej,,,Urząd Pracy
Operator maszyny tekturniczej,,,Urząd Pracy
Operator minilabu fotograficznego,,,Urząd Pracy
Operator mostu zwodzonego,,,Urząd Pracy
Operator myjni,,,Urząd Pracy
Operator nasiębiernych ciągników zrywkowych,,,Urząd Pracy
Operator numerów alarmowych,,,Urząd Pracy
Operator obrabiarek skrawającychS,,,Urząd Pracy
Operator obrabiarek sterowanych numerycznie,,,Urząd Pracy
Operator obrabiarek zespołowych,,,Urząd Pracy
Operator obrazu,,,Urząd Pracy
Operator obuwniczych urządzeń szwalniczych,,,Urząd Pracy
Operator odprężarek wyrobów szklanych,,,Urząd Pracy
Operator pergaminiarki,,,Urząd Pracy
Operator pieców do obróbki cieplnej,,,Urząd Pracy
Operator pilarek do pozyskiwania tarcicy,,,Urząd Pracy
Operator pociągowy,,,Urząd Pracy
Operator pras do formowania wyrobów z masy papierniczej,,,Urząd Pracy
Operator pras kuźniczych,,,Urząd Pracy
Operator pras w produkcji drzewnej,,,Urząd Pracy
Operator procesów introligatorskichS,,,Urząd Pracy
Operator przenośników,,,Urząd Pracy
Operator przenośników taśmowych,,,Urząd Pracy
Operator przewijarek i skręcarek nitek,,,Urząd Pracy
Operator radiowych urządzeń transmisyjnych,,,Urząd Pracy
Operator reaktora,,,Urząd Pracy
Operator reaktorów i autoklawów,,,Urząd Pracy
Operator robotów i manipulatorów przemysłowych,,,Urząd Pracy
Operator robotów spawalniczych,,,Urząd Pracy
Operator sieci komputerowych,,,Urząd Pracy
Operator skanera poligraficznego,,,Urząd Pracy
Operator sklejarek płyt stolarskich,,,Urząd Pracy
Operator skrawarek drewna,,,Urząd Pracy
"Operator śluzy, jazu, zapory i pompowni",,,Urząd Pracy
Operator spajarek okleiny i łuszczki,,,Urząd Pracy
Operator spalarni odpadów komunalnych,,,Urząd Pracy
Operator sprzętu ciężkiego,,,Urząd Pracy
Operator sprzętu komputerowego,,,Urząd Pracy
Operator sprzętu zdjęciowego (wózkarz),,,Urząd Pracy
Operator spycharki,,,Urząd Pracy
Operator strugarek i frezarek do drewna,,,Urząd Pracy
Operator suwnic (suwnicowy),,,Urząd Pracy
Operator systemów komputerowych,,,Urząd Pracy
Operator systemów nurkowych,,,Urząd Pracy
Operator systemów odwadniających,,,Urząd Pracy
"Operator systemów sterylizacji artykułów sanitarnych, sprzętu i aparatów medycznych",,,Urząd Pracy
Operator tankowania statków powietrznych,,,Urząd Pracy
Operator tarczy drążącej TBM (tunnel boring machine),,,Urząd Pracy
Operator telewizyjnych urządzeń transmisyjnych,,,Urząd Pracy
Operator urządzeń bielących masy włókniste,,,Urząd Pracy
Operator urządzeń destylacyjnych,,,Urząd Pracy
Operator urządzeń do chemicznego polerowania szkła,,,Urząd Pracy
Operator urządzeń do ciągłego odlewania stali,,,Urząd Pracy
Operator urządzeń do cięcia folii i płyt,,,Urząd Pracy
Operator urządzeń do ekstrakcji,,,Urząd Pracy
Operator urządzeń do elektroforetycznego nakładania powłok,,,Urząd Pracy
Operator urządzeń do elektrolitycznego uzyskiwania metali,,,Urząd Pracy
Operator urządzeń do emaliowania,,,Urząd Pracy
Operator urządzeń do formowania bloków i tynków gipsowych,,,Urząd Pracy
Operator urządzeń do formowania i przetwórstwa włókna szklanego,,,Urząd Pracy
Operator urządzeń do formowania wyrobów ceramicznych,,,Urząd Pracy
Operator urządzeń do formowania wyrobów ogniotrwałych,,,Urząd Pracy
Operator urządzeń do formowania wyrobów sylikatowych,,,Urząd Pracy
Operator urządzeń do formowania wyrobów z tworzyw sztucznych,,,Urząd Pracy
Operator urządzeń do gięcia szkła,,,Urząd Pracy
Operator urządzeń do hartowania szkła,,,Urząd Pracy
Operator urządzeń do impregnowania i powlekania wyrobów papierowych,,,Urząd Pracy
Operator urządzeń do klejenia elementów odzieży,,,Urząd Pracy
Operator urządzeń do końcowej obróbki płyt,,,Urząd Pracy
Operator urządzeń do konfekcjonowania herbaty,,,Urząd Pracy
Operator urządzeń do krystalizacji,,,Urząd Pracy
Operator urządzeń do matowania wyrobów szklanych,,,Urząd Pracy
Operator urządzeń do mielenia masy włóknistej,,,Urząd Pracy
"Operator urządzeń do mycia, napełniania i zamykania butelek",,,Urząd Pracy
Operator urządzeń do nakładania powłok galwanicznych,,,Urząd Pracy
Operator urządzeń do natryskowego nakładania powłok,,,Urząd Pracy
Operator urządzeń do obróbki błon i filmów fotograficznych,,,Urząd Pracy
Operator urządzeń do obróbki cieplnej chemikaliów,,,Urząd Pracy
Operator urządzeń do obróbki odwiertów wydobywczych,,,Urząd Pracy
Operator urządzeń do obróbki płomieniowej szkła,,,Urząd Pracy
Operator urządzeń do obróbki surowca mleczarskiego,,,Urząd Pracy
Operator urządzeń do paletyzacji,,,Urząd Pracy
Operator urządzeń do platerowania,,,Urząd Pracy
Operator urządzeń do polerowania drewna,,,Urząd Pracy
"Operator urządzeń do prania, prasowania i chemicznego czyszczenia tekstyliów",,,Urząd Pracy
Operator urządzeń do produkcji cementu,,,Urząd Pracy
Operator urządzeń do produkcji chemikaliów nieorganicznych,,,Urząd Pracy
Operator urządzeń do produkcji chemikaliów organicznych,,,Urząd Pracy
Operator urządzeń do produkcji cukru,,,Urząd Pracy
Operator urządzeń do produkcji dezynfektantów,,,Urząd Pracy
Operator urządzeń do produkcji elementów z betonu komórkowego,,,Urząd Pracy
Operator urządzeń do produkcji gazów technicznych,,,Urząd Pracy
Operator urządzeń do produkcji katalizatorów,,,Urząd Pracy
Operator urządzeń do produkcji koncentratów spożywczych,,,Urząd Pracy
Operator urządzeń do produkcji majonezu i musztardy,,,Urząd Pracy
Operator urządzeń do produkcji makaronu,,,Urząd Pracy
Operator urządzeń do produkcji mas asfaltobetonowych,,,Urząd Pracy
Operator urządzeń do produkcji mas bitumicznych,,,Urząd Pracy
Operator urządzeń do produkcji materiałów półprzewodnikowych,,,Urząd Pracy
Operator urządzeń do produkcji materiałów ściernych,,,Urząd Pracy
Operator urządzeń do produkcji materiałów wybuchowych i pokrewnych,,,Urząd Pracy
Operator urządzeń do produkcji napojów bezalkoholowych,,,Urząd Pracy
Operator urządzeń do produkcji nawozów sztucznych,,,Urząd Pracy
Operator urządzeń do produkcji ołówków,,,Urząd Pracy
Operator urządzeń do produkcji pasz,,,Urząd Pracy
Operator urządzeń do produkcji pieczywa,,,Urząd Pracy
Operator urządzeń do produkcji piwa,,,Urząd Pracy
Operator urządzeń do produkcji sadzy,,,Urząd Pracy
Operator urządzeń do produkcji spirytusu,,,Urząd Pracy
Operator urządzeń do produkcji środków piorących i myjących,,,Urząd Pracy
Operator urządzeń do produkcji sztucznej skóry,,,Urząd Pracy
Operator urządzeń do produkcji termosów,,,Urząd Pracy
Operator urządzeń do produkcji tłuszczów roślinnych,,,Urząd Pracy
Operator urządzeń do produkcji węgli aktywnych,,,Urząd Pracy
Operator urządzeń do produkcji wina,,,Urząd Pracy
Operator urządzeń do produkcji włókien chemicznych,,,Urząd Pracy
Operator urządzeń do produkcji wyrobów cukierniczych,,,Urząd Pracy
Operator urządzeń do produkcji wyrobów farmaceutycznych,,,Urząd Pracy
Operator urządzeń do produkcji wyrobów kosmetycznych,,,Urząd Pracy
Operator urządzeń do produkcji wyrobów mleczarskich,,,Urząd Pracy
Operator urządzeń do produkcji wyrobów spirytusowych,,,Urząd Pracy
Operator urządzeń do przeróbki ropy naftowej i gazu,,,Urząd Pracy
Operator urządzeń do przerobu ziarna kakaowego,,,Urząd Pracy
Operator urządzeń do przerobu ziarna zbóż,,,Urząd Pracy
Operator urządzeń do przetwórstwa drobiu,,,Urząd Pracy
Operator urządzeń do przetwórstwa kawy,,,Urząd Pracy
Operator urządzeń do przetwórstwa mięsa,,,Urząd Pracy
Operator urządzeń do przetwórstwa owocowo-warzywnego,,,Urząd Pracy
Operator urządzeń do przetwórstwa ryb,,,Urząd Pracy
Operator urządzeń do przetwórstwa surowców gumowych,,,Urząd Pracy
Operator urządzeń do przetwórstwa ziemniaczanego,,,Urząd Pracy
Operator urządzeń do przygotowania powierzchni do nakładania powłok,,,Urząd Pracy
Operator urządzeń do przygotowywania i dozowania dodatków masowych,,,Urząd Pracy
Operator urządzeń do ścierania drewna,,,Urząd Pracy
Operator urządzeń do spieniania tworzyw sztucznych,,,Urząd Pracy
Operator urządzeń do suszenia zbóż,,,Urząd Pracy
Operator urządzeń do wulkanizacji,,,Urząd Pracy
Operator urządzeń do wyważania i centrowania,,,Urząd Pracy
Operator urządzeń do zanurzeniowego nakładania powłok,,,Urząd Pracy
Operator urządzeń elewatorów zbożowych,,,Urząd Pracy
Operator urządzeń filtrujących,,,Urząd Pracy
Operator urządzeń granulujących,,,Urząd Pracy
Operator urządzeń homogenizujących,,,Urząd Pracy
Operator urządzeń kaletniczych,,,Urząd Pracy
Operator urządzeń klimatyzacyjnych i odpylających,,,Urząd Pracy
Operator urządzeń koksowniczych,,,Urząd Pracy
Operator urządzeń ładunkowych silosu,,,Urząd Pracy
Operator urządzeń linii aseptycznego rozlewu w opakowania kartonowe,,,Urząd Pracy
Operator urządzeń mieszających,,,Urząd Pracy
Operator urządzeń montażowych obuwia,,,Urząd Pracy
Operator urządzeń nadawczych telewizji kablowej,,,Urząd Pracy
Operator urządzeń oczyszczania ścieków,,,Urząd Pracy
Operator urządzeń pakujących,,,Urząd Pracy
Operator urządzeń próżniowego odgazowania stali,,,Urząd Pracy
Operator urządzeń przemysłu ceramicznegoS,,,Urząd Pracy
Operator urządzeń przemysłu chemicznegoS,,,Urząd Pracy
Operator urządzeń przemysłu szklarskiegoS,,,Urząd Pracy
Operator urządzeń przemysłu tytoniowego,,,Urząd Pracy
Operator urządzeń przygotowania wsadu,,,Urząd Pracy
Operator urządzeń radiokomunikacyjnych,,,Urząd Pracy
Operator urządzeń rębalni drewna,,,Urząd Pracy
Operator urządzeń rozdrabniających,,,Urząd Pracy
Operator urządzeń rozwłókniających,,,Urząd Pracy
Operator urządzeń sorpcyjnych,,,Urząd Pracy
Operator urządzeń technicznych stosowanych w leśnictwie,,,Urząd Pracy
Operator urządzeń utylizacji surowców zwierzęcych,,,Urząd Pracy
Operator urządzeń uzdatniania i demineralizacji wody,,,Urząd Pracy
Operator urządzeń walcowni,,,Urząd Pracy
Operator urządzeń warzelni,,,Urząd Pracy
Operator urządzeń wykrawających elementy obuwia,,,Urząd Pracy
Operator urządzeń wykrawających i nawarstwiających,,,Urząd Pracy
Operator urządzeń wyparnych,,,Urząd Pracy
Operator urządzeń wytwórczych mieszanek betonowych,,,Urząd Pracy
Operator urządzeń znakujących,,,Urząd Pracy
Operator wielooperacyjnych samojezdnych maszyn leśnych,,,Urząd Pracy
Operator wieżowy przenośnika taśmowego,,,Urząd Pracy
Operator wirówek,,,Urząd Pracy
Operator wprowadzania danych,,,Urząd Pracy
Operator wtryskarki,,,Urząd Pracy
Operator wywrotnic wagonowych,,,Urząd Pracy
Operator zautomatyzowanej linii produkcyjnej,,,Urząd Pracy
Operator zgrzewarek,,,Urząd Pracy
Operator zintegrowanych systemów zarządzania zasobami firmy,,,Urząd Pracy
Operator zrywkowych kolejek linowych,,,Urząd Pracy
Operator żurawia jezdniowego,,,Urząd Pracy
Operator żurawia wieżowego,,,Urząd Pracy
Operator-mechanik wyciągarki szybowcowej,,,Urząd Pracy
Opiekun dzieci na przejściach dla pieszych,,,Urząd Pracy
Opiekun dzikich zwierząt,,,Urząd Pracy
Opiekun klienta,,,Urząd Pracy
Opiekun medycznyS,,,Urząd Pracy
Opiekun osoby starszejS,,,Urząd Pracy
Opiekun w domu pomocy społecznejS,,,Urząd Pracy
opiekun wycieczek kosmicznych,opiekunka wycieczek kosmicznych,,Nietypowe zawody
Opiekun zwierząt domowych,,,Urząd Pracy
Opiekunka domowa,,,Urząd Pracy
Opiekunka dzieci w drodze do szkoły,,,Urząd Pracy
Opiekunka dziecięca domowa (niania),,,Urząd Pracy
Opiekunka dziecięcaS,,,Urząd Pracy
Opiekunka środowiskowaS,,,Urząd Pracy
Opiekunka w żłobku / klubie dziecięcym,,,Urząd Pracy
Optoelektronik,,,Urząd Pracy
Optometrysta,,,Urząd Pracy
Optyk okularowy,,,Urząd Pracy
Optyk-mechanikS,,,Urząd Pracy
Organista,,,Urząd Pracy
Organizator imprez rozrywkowych (organizator eventów),,,Urząd Pracy
Organizator imprez ślubnych,,,Urząd Pracy
Organizator imprez sportowych,,,Urząd Pracy
Organizator obsługi sprzedaży internetowej,,,Urząd Pracy
Organizator transportu drogowego,,,Urząd Pracy
Organizator usług domowych,,,Urząd Pracy
Organizator usług kateringowych,,,Urząd Pracy
Organizator usług konferencyjnych,,,Urząd Pracy
Organizator usług pogrzebowych,,,Urząd Pracy
Organizator widowni,,,Urząd Pracy
Organomistrz,,,Urząd Pracy
Ortopeda mechanik,,,Urząd Pracy
OrtoptystkaS,,,Urząd Pracy
oskarżyciel,,,Warhammer FRP
Osoba do towarzystwa,,,Urząd Pracy
Osoba wykwalifikowana w przemyśle farmaceutycznym,,,Urząd Pracy
Osobisty doradca do spraw zakupów (personal shopper),,,Urząd Pracy
Osoby dozoru ruchu w górnictwie odkrywkowym,,,Urząd Pracy
Osoby dozoru ruchu w górnictwie otworowym,,,Urząd Pracy
Osoby dozoru ruchu w górnictwie podziemnym,,,Urząd Pracy
Osteopata,,,Urząd Pracy
Oświetlacz filmowy,,,Urząd Pracy
Pakowacz ręczny,,,Urząd Pracy
Palacz gazowych kotłów centralnego ogrzewania,,,Urząd Pracy
Palacz kotłów parowych,,,Urząd Pracy
Palacz pieców zwykłych,,,Urząd Pracy
Palacz wodnych rusztowych kotłów centralnego ogrzewania,,,Urząd Pracy
Paleontolog,,,Urząd Pracy
Palowniczy,,,Urząd Pracy
Pamiątkarz,,,Urząd Pracy
Parasolnik,,,Urząd Pracy
Parkieciarz,,,Urząd Pracy
Parkingowy,,,Urząd Pracy
Parlamentarzysta,,,Urząd Pracy
Parzelniczy drewna,,,Urząd Pracy
pasterz,,,Warhammer FRP
Patroszacz ryb,,,Urząd Pracy
Pedagog,,,Urząd Pracy
Pedagog animacji kulturalnej,,,Urząd Pracy
Pedagog mediów,,,Urząd Pracy
Pedagog specjalny,,,Urząd Pracy
Pedagog szkolny,,,Urząd Pracy
Pedikiurzystka,,,Urząd Pracy
Perfumiarz,,,Urząd Pracy
Perfuzjonista,,,Urząd Pracy
Perukarz,,,Urząd Pracy
Piaskarz,,,Urząd Pracy
Piecowy nagrzewania wsadu w walcowni,,,Urząd Pracy
Piecowy pieca łukowego,,,Urząd Pracy
PiekarzS,,,Urząd Pracy
Pielęgniarka,,,Urząd Pracy
Pielęgniarz trawników /murawy (greenkeeper),,,Urząd Pracy
Pilarz,,,Urząd Pracy
Pilarz kamienia,,,Urząd Pracy
Pilot balonowy,,,Urząd Pracy
Pilot morski,,,Urząd Pracy
Pilot pionowzlotu,,,Urząd Pracy
Pilot samolotowy zawodowy / liniowy,,,Urząd Pracy
Pilot śmigłowcowy zawodowy / liniowy,,,Urząd Pracy
Pilot sterowcowy zawodowy,,,Urząd Pracy
Pilot szybowcowy,,,Urząd Pracy
Pilot wiatrakowcowy zawodowy,,,Urząd Pracy
Pilot wycieczek,,,Urząd Pracy
Pilot żeglugi śródlądowej,,,Urząd Pracy
Piosenkarz,,,Urząd Pracy
Pirotechnik,,,Urząd Pracy
Pisarz,,,Urząd Pracy
pisarz,pisarka,,
Pizzer,,,Urząd Pracy
planetolog,planetolożka,udziela informacji i odległych planetach przed podróżą lub przeprowadzką,Nietypowe zawody
Planista produkcyjny,,,Urząd Pracy
PlastykS,,,Urząd Pracy
Płatnerz,,,Urząd Pracy
Plecionkarz,,,Urząd Pracy
Płetwonurek ratownik,,,Urząd Pracy
poborca podatkowy,,,Warhammer FRP
Poborca skarbowy,,,Urząd Pracy
Podiatra,,,Urząd Pracy
Podkuwacz koni,,,Urząd Pracy
Podoficer zawodowy Sił Zbrojnych,,,Urząd Pracy
PodologS,,,Urząd Pracy
Poeta,poetka,,Urząd Pracy
Pokojowa,,,Urząd Pracy
Polerowacz wyrobów z drewna,,,Urząd Pracy
policjant,policjantka,,Urząd Pracy
Politolog,,,Urząd Pracy
"Polityk (minister, sekretarz / podsekretarz stanu)",,,Urząd Pracy
Położna,,,Urząd Pracy
Położna – specjalista organizacji i zarządzania,,,Urząd Pracy
Położna – specjalista pielęgniarstwa epidemiologicznego,,,Urząd Pracy
Położna – specjalista pielęgniarstwa ginekologicznego,,,Urząd Pracy
Położna – specjalista pielęgniarstwa ginekologiczno-położniczego,,,Urząd Pracy
Położna – specjalista pielęgniarstwa neonatologicznego,,,Urząd Pracy
Położna – specjalista pielęgniarstwa położniczego,,,Urząd Pracy
Położna – specjalista pielęgniarstwa rodzinnego,,,Urząd Pracy
Położna – specjalista promocji zdrowia i edukacji zdrowotnej,,,Urząd Pracy
Położna oddziałowa,,,Urząd Pracy
Pomoc apteczna,,,Urząd Pracy
Pomoc dentystyczna,,,Urząd Pracy
Pomoc domowa,,,Urząd Pracy
Pomoc krawiecka,,,Urząd Pracy
Pomoc kuchenna,,,Urząd Pracy
Pomoc laboratoryjna,,,Urząd Pracy
Pomocniczy robotnik budowlany,,,Urząd Pracy
Pomocniczy robotnik drogowy,,,Urząd Pracy
Pomocniczy robotnik konserwacji terenów zieleni,,,Urząd Pracy
Pomocniczy robotnik leśny,,,Urząd Pracy
Pomocniczy robotnik mostowy,,,Urząd Pracy
Pomocniczy robotnik polowy,,,Urząd Pracy
Pomocniczy robotnik przemysłowy,,,Urząd Pracy
Pomocniczy robotnik przy uprawie roślin i hodowli zwierząt,,,Urząd Pracy
Pomocniczy robotnik szklarniowy,,,Urząd Pracy
Pomocniczy robotnik torowy,,,Urząd Pracy
Pomocniczy robotnik w gospodarstwie rybackim,,,Urząd Pracy
Pomocniczy robotnik w gospodarstwie sadowniczym,,,Urząd Pracy
Pomocniczy robotnik w hodowli zwierząt,,,Urząd Pracy
Pomocniczy robotnik w łowiectwie,,,Urząd Pracy
Pomocnik biblioteczny,,,Urząd Pracy
Pomocnik ciastkarza,,,Urząd Pracy
Pomocnik elektromontera,,,Urząd Pracy
Pomocnik lakiernika,,,Urząd Pracy
Pomocnik mechanika,,,Urząd Pracy
Pomocnik mleczarski,,,Urząd Pracy
Pomocnik piekarza,,,Urząd Pracy
Portier,,,Urząd Pracy
portrecista,portrecistka,,
Posadzkarz,,,Urząd Pracy
poskramiacz niedźwiedzi,,,Warhammer FRP
posłaniec,,,Warhammer FRP
Pośrednik finansowy,,,Urząd Pracy
Pośrednik pracy,,,Urząd Pracy
Pośrednik usług medycznych,,,Urząd Pracy
Pośrednik w obrocie nieruchomościami,,,Urząd Pracy
poszukiwacz trufli,poszukiwaczka trufli,,Nietypowe zawody
Pozłotnik,,,Urząd Pracy
Pracownik agencji pracy tymczasowej,,,Urząd Pracy
Pracownik biura podróży,,,Urząd Pracy
Pracownik biura przepustek,,,Urząd Pracy
Pracownik biurowy,,,Urząd Pracy
Pracownik centrum elektronicznej obsługi klienta,,,Urząd Pracy
Pracownik centrum obsługi telefonicznej (pracownik call center),,,Urząd Pracy
Pracownik cmentarza,,,Urząd Pracy
"Pracownik deratyzacji, dezynfekcji i dezynsekcji",,,Urząd Pracy
Pracownik do spraw ewidencji ludności,,,Urząd Pracy
Pracownik do spraw kredytów,,,Urząd Pracy
Pracownik do spraw kultury fizycznej i sportu,,,Urząd Pracy
Pracownik do spraw ochrony zwierząt,,,Urząd Pracy
Pracownik do spraw osobowych,,,Urząd Pracy
Pracownik do spraw pożyczek,,,Urząd Pracy
Pracownik do spraw produktów finansowych,,,Urząd Pracy
Pracownik do spraw socjalnych,,,Urząd Pracy
Pracownik do spraw statystyki,,,Urząd Pracy
Pracownik do spraw streetworkingu (streetworker),,,Urząd Pracy
Pracownik do spraw ubezpieczeń,,,Urząd Pracy
Pracownik do spraw ubezpieczeń medycznych,,,Urząd Pracy
Pracownik działu logistyki,,,Urząd Pracy
Pracownik galerii / muzeum,,,Urząd Pracy
Pracownik informacji turystycznej,,,Urząd Pracy
Pracownik instytucji pożyczkowej,,,Urząd Pracy
Pracownik kancelarii tajnej,,,Urząd Pracy
Pracownik kolektury,,,Urząd Pracy
Pracownik lombardu,,,Urząd Pracy
Pracownik obsługi bankomatów,,,Urząd Pracy
Pracownik obsługi hotelowejS,,,Urząd Pracy
Pracownik obsługi kampanii e-mailowych,,,Urząd Pracy
Pracownik obsługi klienta instytucji finansowej,,,Urząd Pracy
Pracownik obsługi monitoringu,,,Urząd Pracy
Pracownik obsługi płacowej,,,Urząd Pracy
Pracownik obsługi sklepu,,,Urząd Pracy
Pracownik ochrony fizycznej,,,Urząd Pracy
Pracownik ochrony roślin,,,Urząd Pracy
Pracownik oczyszczania terenu z materiałów wybuchowych i niebezpiecznych,,,Urząd Pracy
Pracownik parafialny,,,Urząd Pracy
Pracownik parku rozrywki,,,Urząd Pracy
Pracownik pomocnicz  fryzjeraS,,,Urząd Pracy
Pracownik pomocniczy gastronomiiS,,,Urząd Pracy
Pracownik pomocniczy krawcaS,,,Urząd Pracy
Pracownik pomocniczy mechanikaS,,,Urząd Pracy
Pracownik pomocniczy obsługi hotelowejS,,,Urząd Pracy
Pracownik pomocniczy ślusarzaS,,,Urząd Pracy
Pracownik pomocniczy stolarzaS,,,Urząd Pracy
Pracownik pomocniczy w gospodarce odpadamiS,,,Urząd Pracy
Pracownik pozycjonowania stron internetowych,,,Urząd Pracy
Pracownik prac dorywczych,,,Urząd Pracy
Pracownik pralni chemicznej,,,Urząd Pracy
Pracownik produkcji,,,Urząd Pracy
Pracownik przeprowadzkowy,,,Urząd Pracy
Pracownik przygotowujący posiłki typu fast food,,,Urząd Pracy
Pracownik punktu skupu,,,Urząd Pracy
Pracownik rozbioru mięsa,,,Urząd Pracy
Pracownik scentralizowanych systemów rozliczeniowych,,,Urząd Pracy
Pracownik schroniska dla zwierząt,,,Urząd Pracy
Pracownik socjalny,,,Urząd Pracy
Pracownik solarium,,,Urząd Pracy
Pracownik sortowania przesyłek i towarów,,,Urząd Pracy
Pracownik utrzymania czystości (sprzątaczka),,,Urząd Pracy
Pracownik w biurze maklerskim,,,Urząd Pracy
Pracownik wsparcia informatycznego (help desk),,,Urząd Pracy
Pracownik wylęgarni drobiu,,,Urząd Pracy
Pracownik wynajmu powierzchni komercyjnych,,,Urząd Pracy
Pracownik zarządzania kryzysowego,,,Urząd Pracy
Pracownik zbiórki odpadów,,,Urząd Pracy
Praczka,,,Urząd Pracy
Prasowacz ceramiki elektronicznej i elektrotechnicznej,,,Urząd Pracy
Prasowaczka ręczna,,,Urząd Pracy
Preparator medyczny,,,Urząd Pracy
Prezenter muzyczny (DJ / didżej),,,Urząd Pracy
Prezenter telewizyjny,,,Urząd Pracy
Prezes,,,Urząd Pracy
Prezes / dyrektor sądu,,,Urząd Pracy
Probierz,,,Urząd Pracy
Producent filmowy,,,Urząd Pracy
Producent i zbieracz ziół,,,Urząd Pracy
Producent muzyczny,,,Urząd Pracy
Producent teatralny,,,Urząd Pracy
Producent telewizyjny,,,Urząd Pracy
Producent żywności ekologicznej,,,Urząd Pracy
Profilaktyk,,,Urząd Pracy
Programista aplikacji,,,Urząd Pracy
Programista aplikacji mobilnych,,,Urząd Pracy
Projektant / architekt systemów teleinformatycznych,,,Urząd Pracy
"Projektant aplikacji multimedialnych, animacji i gier komputerowych",,,Urząd Pracy
Projektant baz danych,,,Urząd Pracy
Projektant biżuterii,,,Urząd Pracy
Projektant ekspozycji towarów i usług (visual merchandiser),,,Urząd Pracy
Projektant grafiki,,,Urząd Pracy
Projektant grafiki stron internetowych,,,Urząd Pracy
Projektant interfejsu użytkownika,,,Urząd Pracy
Projektant mody,,,Urząd Pracy
Projektant pakietów usług finansowych,,,Urząd Pracy
Projektant stron internetowych (webmaster),,,Urząd Pracy
Projektant systemów alarmowych,,,Urząd Pracy
Projektant układów scalonych,,,Urząd Pracy
Projektant wyrobów skórzanych,,,Urząd Pracy
Projektant wzornictwa przemysłowego,,,Urząd Pracy
Prokurator,,,Urząd Pracy
Promotor marki (trendsetter),,,Urząd Pracy
Protetyk słuchuS,,,Urząd Pracy
Prowadzący maszyny do kolejowych robót budowlanych,,,Urząd Pracy
Prowadzący rodzinny dom dziecka,,,Urząd Pracy
Przedstawiciel handlowy,,,Urząd Pracy
Przedstawiciel medyczny,,,Urząd Pracy
"Przedstawiciel władzy samorządowej (marszałek, starosta, radny)",,,Urząd Pracy
Przędzarz,,,Urząd Pracy
przemytnik,,,Warhammer FRP
Przetwórca mięsaS,,,Urząd Pracy
Przetwórca owoców i warzyw,,,Urząd Pracy
Przetwórca rybS,,,Urząd Pracy
Przewodnik turystyczny górski,,,Urząd Pracy
Przewodnik turystyczny miejski,,,Urząd Pracy
Przewodnik turystyczny terenowy,,,Urząd Pracy
przewoźnik,,,Warhammer FRP
Przewoźnik osób,,,Urząd Pracy
Przewoźnik żeglugi śródlądowej,,,Urząd Pracy
Przygotowywacz mas ceramicznych,,,Urząd Pracy
Przygotowywacz włókna,,,Urząd Pracy
przytulacz,przytulaczka,pomaga osobom zmagającym się z samotnością i brakiem kontaktu z drugim człowiekiem,Nietypowe zawody
Psycholog,,,Urząd Pracy
Psycholog biznesu,,,Urząd Pracy
Psycholog kliniczny,,,Urząd Pracy
Psycholog organizacji,,,Urząd Pracy
Psycholog sportowy,,,Urząd Pracy
Psycholog wychowawczy,,,Urząd Pracy
Psychoonkolog,,,Urząd Pracy
Psychoterapeuta,,,Urząd Pracy
Psychotraumatolog,,,Urząd Pracy
PszczelarzS,,,Urząd Pracy
Pulpitowy wielkich pieców,,,Urząd Pracy
pustelnik,,,Warhammer FRP
Radca prawny,,,Urząd Pracy
Radca Prokuratorii Generalnej Rzeczypospolitej Polskiej,,,Urząd Pracy
Radiesteta,,,Urząd Pracy
Ratownik górniczy,,,Urząd Pracy
Ratownik górski,,,Urząd Pracy
Ratownik medyczny,,,Urząd Pracy
Ratownik morski,,,Urząd Pracy
Ratownik pokładowy,,,Urząd Pracy
Ratownik wodny,,,Urząd Pracy
Realizator dźwięku,,,Urząd Pracy
Realizator filmu wideo (wideofilmowiec),,,Urząd Pracy
Realizator programu telewizyjnego / radiowego,,,Urząd Pracy
Realizator rekonstrukcji dźwięku,,,Urząd Pracy
Realizator światła,,,Urząd Pracy
Recepcjonista,,,Urząd Pracy
Recepcjonista hotelowy,,,Urząd Pracy
Ręczny polerowacz szkła,,,Urząd Pracy
Ręczny znakowacz wyrobów,,,Urząd Pracy
Redaktor naczelny,,,Urząd Pracy
Redaktor programowy,,,Urząd Pracy
Redaktor serwisu internetowego,,,Urząd Pracy
Redaktor wydawniczy,,,Urząd Pracy
Referendarz sądowy,,,Urząd Pracy
Refleksolog,,,Urząd Pracy
Regionalny kierownik sprzedaży,,,Urząd Pracy
Rejestratorka medyczna,,,Urząd Pracy
Rękawicznik,,,Urząd Pracy
Rękodzielnik wyrobów skórzanych,,,Urząd Pracy
Rękodzielnik wyrobów włókienniczychS,,,Urząd Pracy
Rektor,,,Urząd Pracy
Rekwizytor,,,Urząd Pracy
Religioznawca,,,Urząd Pracy
Renowator mebli artystycznych,,,Urząd Pracy
Renowator tkanin unikatowych,,,Urząd Pracy
Renowator zabytków architektury,,,Urząd Pracy
Reporter radiowy / telewizyjny / prasowy,,,Urząd Pracy
Rewident kontroli skarbowej,,,Urząd Pracy
Rewident taboru,,,Urząd Pracy
Rewizor pociągów,,,Urząd Pracy
Rezydent biura turystycznego,,,Urząd Pracy
Reżyser dźwięku,,,Urząd Pracy
Reżyser filmowy,,,Urząd Pracy
Reżyser teatralny,,,Urząd Pracy
Reżyser telewizyjny / radiowy,,,Urząd Pracy
Robotnik budowlany,,,Urząd Pracy
Robotnik górniczy dołowy,,,Urząd Pracy
Robotnik gospodarczy,,,Urząd Pracy
Robotnik leśny,,,Urząd Pracy
Robotnik magazynowy,,,Urząd Pracy
Robotnik myjący części i zespoły,,,Urząd Pracy
Robotnik naziemny w górnictwie,,,Urząd Pracy
Robotnik oczyszczania miasta,,,Urząd Pracy
Robotnik osuszania i odgrzybiania budowli,,,Urząd Pracy
Robotnik placowy,,,Urząd Pracy
Robotnik portowy (doker),,,Urząd Pracy
Robotnik pracujący na rampie,,,Urząd Pracy
Robotnik rozbiórki budowli,,,Urząd Pracy
Rodzic zastępczy,,,Urząd Pracy
Rolnik chmielarz,,,Urząd Pracy
Rolnik łąkarz,,,Urząd Pracy
Rolnik producent kwalifikowanych nasion rolniczych,,,Urząd Pracy
Rolnik produkcji roślinnej i zwierzęcej pracujący na własne potrzeby,,,Urząd Pracy
Rolnik produkcji roślinnej pracujący na własne potrzeby,,,Urząd Pracy
Rolnik upraw mieszanych,,,Urząd Pracy
Rolnik upraw polowych,,,Urząd Pracy
RolnikS,,,Urząd Pracy
Rozbieracz–wykrawacz,,,Urząd Pracy
Rozlepiacz afiszy,,,Urząd Pracy
Rusznikarz,,,Urząd Pracy
rybak,,,Warhammer FRP
Rybak pracujący na własne potrzeby,,,Urząd Pracy
Rybak rybołówstwa morskiego,,,Urząd Pracy
Rybak śródlądowyS,,,Urząd Pracy
Rykszarz,,,Urząd Pracy
Rymarz,,,Urząd Pracy
Rysownik geodezyjny,,,Urząd Pracy
Rysownik kartograficzny,,,Urząd Pracy
Rysownik litograficzny,,,Urząd Pracy
Rytownik,,,Urząd Pracy
Rzecznik patentowy,,,Urząd Pracy
Rzecznik praw konsumenta,,,Urząd Pracy
Rzeczoznawca,,,Urząd Pracy
Rzeczoznawca budowlany,,,Urząd Pracy
Rzeczoznawca do spraw bezpieczeństwa i higieny pracy,,,Urząd Pracy
Rzeczoznawca do spraw zabezpieczeń przeciwpożarowych,,,Urząd Pracy
Rzeczoznawca jakości handlowej artykułów rolno-spożywczych,,,Urząd Pracy
Rzeczoznawca majątkowy,,,Urząd Pracy
Rzeczoznawca rolniczy,,,Urząd Pracy
Rzeczoznawca samochodowy,,,Urząd Pracy
rzemieślnik,,,Warhammer FRP
Rzeźbiarz szkła,,,Urząd Pracy
Rzeźbiarz w drewnie,,,Urząd Pracy
Rzeźbiarz w owocach i warzywach,,,Urząd Pracy
Rzeźnik-wędliniarz,,,Urząd Pracy
Sadownik,,,Urząd Pracy
Salowa,,,Urząd Pracy
Sanitariusz szpitalny,,,Urząd Pracy
Scenarzysta,,,Urząd Pracy
Scenograf,,,Urząd Pracy
Sędzia,,,Urząd Pracy
Sędzia sportowy,,,Urząd Pracy
Sekretarka,,,Urząd Pracy
Sekretarka medyczna,,,Urząd Pracy
Sekretarka notarialna,,,Urząd Pracy
Sekretarka w kancelarii prawnej,,,Urząd Pracy
Sekretarz konsularny,,,Urząd Pracy
Sekretarz sądowy,,,Urząd Pracy
Serowar,,,Urząd Pracy
Serwisant sprzętu komputerowego,,,Urząd Pracy
Serwisant urządzeń biurowych,,,Urząd Pracy
Serwisant urządzeń medycznych,,,Urząd Pracy
Siostra PCK,,,Urząd Pracy
Sitarz,,,Urząd Pracy
Skarbnik bankowy,,,Urząd Pracy
Składacz sprzętu spadochronowego,,,Urząd Pracy
Skoczek spadochronowy,,,Urząd Pracy
skryba,,,Warhammer FRP
Ślusarz galanterii metalowej,,,Urząd Pracy
Ślusarz narzędziowy,,,Urząd Pracy
ŚlusarzS,,,Urząd Pracy
smokolog,smokolożka,,Harry Potter
Socjolog,,,Urząd Pracy
Sommelier,,,Urząd Pracy
Sortowacz,,,Urząd Pracy
Sortowacz materiałów drzewnych,,,Urząd Pracy
Sortowacz odpadów komunalnych,,,Urząd Pracy
Sortowacz surowców wtórnych,,,Urząd Pracy
Sortowacz-brakarz ceramiki,,,Urząd Pracy
Sortowacz-brakarz szkła,,,Urząd Pracy
Spawacz,,,Urząd Pracy
Specjalista  do spraw  ochrony praw dziecka i rodziny,,,Urząd Pracy
Specjalista  do spraw scenariusza i kontynuacji w filmie (Continuity and Script Supervisor),,,Urząd Pracy
Specjalista administracji publicznej,,,Urząd Pracy
Specjalista analizy i rozwoju rynku,,,Urząd Pracy
Specjalista bankowości,,,Urząd Pracy
Specjalista bezpieczeństwa i higieny pracy,,,Urząd Pracy
Specjalista bezpieczeństwa oprogramowania,,,Urząd Pracy
Specjalista do spraw  techniki dentystycznej,,,Urząd Pracy
Specjalista do spraw adopcji,,,Urząd Pracy
Specjalista do spraw analizy ryzyka ubezpieczeniowego (underwriter),,,Urząd Pracy
Specjalista do spraw animacji multimedialnej,,,Urząd Pracy
Specjalista do spraw audytu zabezpieczenia,,,Urząd Pracy
Specjalista do spraw badań społeczno-ekonomicznych,,,Urząd Pracy
Specjalista do spraw bezpieczeństwa wewnętrznego,,,Urząd Pracy
Specjalista do spraw chmury obliczeniowej (cloud computing),,,Urząd Pracy
Specjalista do spraw controllingu,,,Urząd Pracy
Specjalista do spraw cudzoziemców,,,Urząd Pracy
Specjalista do spraw cyberbezpieczeństwa,,,Urząd Pracy
Specjalista do spraw czasowego zatrudniania pracowników,,,Urząd Pracy
Specjalista do spraw dietetyki,,,Urząd Pracy
Specjalista do spraw doskonalenia i rozwoju aplikacji,,,Urząd Pracy
Specjalista do spraw doskonalenia organizacji,,,Urząd Pracy
Specjalista do spraw ergonomii i projektowania form użytkowych,,,Urząd Pracy
Specjalista do spraw factoringu,,,Urząd Pracy
Specjalista do spraw handlu zagranicznego,,,Urząd Pracy
Specjalista do spraw informatyki przemysłowej,,,Urząd Pracy
Specjalista do spraw informatyki śledczej,,,Urząd Pracy
Specjalista do spraw integracji europejskiej,,,Urząd Pracy
Specjalista do spraw integracji technologii informatycznych,,,Urząd Pracy
Specjalista do spraw jakości oprogramowania,,,Urząd Pracy
Specjalista do spraw kadr,,,Urząd Pracy
Specjalista do spraw kluczowych klientów (key account manager),,,Urząd Pracy
Specjalista do spraw komercjalizacji innowacyjnych technologii,,,Urząd Pracy
Specjalista do spraw konsultingu,,,Urząd Pracy
Specjalista do spraw kultury firmy,,,Urząd Pracy
Specjalista do spraw logistyki,,,Urząd Pracy
Specjalista do spraw marketingu i handlu,,,Urząd Pracy
Specjalista do spraw mediów interaktywnych,,,Urząd Pracy
Specjalista do spraw mediów społecznościowych,,,Urząd Pracy
Specjalista do spraw obsługi posprzedażowej,,,Urząd Pracy
Specjalista do spraw obsługi projektów i programów,,,Urząd Pracy
Specjalista do spraw ochrony własności intelektualnej,,,Urząd Pracy
Specjalista do spraw organizacji i rozwoju przemysłu,,,Urząd Pracy
Specjalista do spraw organizacji i rozwoju sprzedaży,,,Urząd Pracy
Specjalista do spraw organizacji i rozwoju transportu,,,Urząd Pracy
"Specjalista do spraw organizacji usług gastronomicznych, hotelarskich i turystycznych",,,Urząd Pracy
Specjalista do spraw pakowania i opakowań,,,Urząd Pracy
Specjalista do spraw planowania strategicznego,,,Urząd Pracy
Specjalista do spraw pozyskiwania funduszy (fundraiser),,,Urząd Pracy
Specjalista do spraw przewozów intermodalnych,,,Urząd Pracy
Specjalista do spraw public relations,,,Urząd Pracy
Specjalista do spraw rachunkowości,,,Urząd Pracy
Specjalista do spraw rachunkowości inwestycyjnej,,,Urząd Pracy
Specjalista do spraw rachunkowości podatkowej,,,Urząd Pracy
Specjalista do spraw rachunkowości zarządczej,,,Urząd Pracy
Specjalista do spraw ratownictwa medycznego,,,Urząd Pracy
Specjalista do spraw reklamy,,,Urząd Pracy
Specjalista do spraw rekrutacji pracowników,,,Urząd Pracy
Specjalista do spraw rozwoju oprogramowania,,,Urząd Pracy
Specjalista do spraw rozwoju stron internetowych,,,Urząd Pracy
Specjalista do spraw rozwoju sztucznej inteligencji,,,Urząd Pracy
Specjalista do spraw rozwoju zawodowego,,,Urząd Pracy
Specjalista do spraw społecznej odpowiedzialności przedsiębiorstw,,,Urząd Pracy
Specjalista do spraw sprzedaży,,,Urząd Pracy
Specjalista do spraw stosunków międzynarodowych,,,Urząd Pracy
Specjalista do spraw systemów zarządzania bezpieczeństwem informacji,,,Urząd Pracy
Specjalista do spraw szkoleń,,,Urząd Pracy
Specjalista do spraw technologii blockchain,,,Urząd Pracy
Specjalista do spraw tworzenia biznes planów,,,Urząd Pracy
Specjalista do spraw ubezpieczeń majątkowych i osobowych,,,Urząd Pracy
Specjalista do spraw ubezpieczeń społecznych,,,Urząd Pracy
Specjalista do spraw ubezpieczeń zdrowotnych,,,Urząd Pracy
Specjalista do spraw uczenia maszynowego,,,Urząd Pracy
Specjalista do spraw uzależnień od mediów cyfrowych,,,Urząd Pracy
Specjalista do spraw wirtualnej rzeczywistości,,,Urząd Pracy
Specjalista do spraw wynagrodzeń,,,Urząd Pracy
Specjalista do spraw zamówień publicznych,,,Urząd Pracy
Specjalista do spraw zarządzania,,,Urząd Pracy
Specjalista do spraw zarządzania ryzykiem,,,Urząd Pracy
Specjalista do spraw zarządzania talentami,,,Urząd Pracy
Specjalista do spraw zarządzania w oświacie,,,Urząd Pracy
Specjalista etyki biznesu,,,Urząd Pracy
Specjalista fizjoterapii,,,Urząd Pracy
"Specjalista informacji naukowej, technicznej i ekonomicznej",,,Urząd Pracy
Specjalista integracji międzykulturowej,,,Urząd Pracy
Specjalista inżynierii medycznej,,,Urząd Pracy
Specjalista komunikacji społecznej,,,Urząd Pracy
Specjalista kontroli jakości,,,Urząd Pracy
Specjalista marketingu społecznego,,,Urząd Pracy
Specjalista monitoringu systemów zabezpieczeń technicznych osób i mienia,,,Urząd Pracy
Specjalista ochrony informacji niejawnych,,,Urząd Pracy
Specjalista ochrony środowiska,,,Urząd Pracy
Specjalista organizacji i zarządzania w ochronie zdrowia,,,Urząd Pracy
Specjalista polityki społecznej,,,Urząd Pracy
Specjalista poradnictwa psychospołecznego i rodzinnego,,,Urząd Pracy
Specjalista pracy socjalnej,,,Urząd Pracy
Specjalista promocji zdrowia i edukacji zdrowotnej,,,Urząd Pracy
Specjalista psychoterapii uzależnień,,,Urząd Pracy
Specjalista radiofarmacji,,,Urząd Pracy
Specjalista resocjalizacji,,,Urząd Pracy
Specjalista sprzedaży internetowej,,,Urząd Pracy
Specjalista sprzedaży technologii i usług informatycznych,,,Urząd Pracy
Specjalista systemów rozpoznawania mowy,,,Urząd Pracy
Specjalista terapii uzależnień,,,Urząd Pracy
Specjalista zaopatrzenia medycznego,,,Urząd Pracy
Specjalista zarządzania dokumentacją,,,Urząd Pracy
Specjalista zarządzania informacją,,,Urząd Pracy
Specjalista zarządzania kryzysowego,,,Urząd Pracy
Specjalista zastosowań informatyki,,,Urząd Pracy
Specjalista zdrowia publicznego,,,Urząd Pracy
Specjalista zdrowia środowiskowego,,,Urząd Pracy
Specjalista żywienia człowieka,,,Urząd Pracy
Spedytor,,,Urząd Pracy
Spiker radiowy,,,Urząd Pracy
Sprzątacz pojazdów,,,Urząd Pracy
Sprzątaczka domowa,,,Urząd Pracy
sprzedawca magicznych różdżek,sprzedawczyni magicznych różdżek,,Harry Potter
Sprzedawca na targowisku / bazarze,,,Urząd Pracy
Sprzedawca na telefon,,,Urząd Pracy
Sprzedawca obwoźny z samochodu (vanseller),,,Urząd Pracy
Sprzedawca reklam internetowych,,,Urząd Pracy
Sprzedawca w branży mięsnej,,,Urząd Pracy
Sprzedawca w branży przemysłowej,,,Urząd Pracy
Sprzedawca w branży spożywczej,,,Urząd Pracy
Sprzedawca w stacji paliw,,,Urząd Pracy
SprzedawcaS,,,Urząd Pracy
Statysta,,,Urząd Pracy
Statystyk,,,Urząd Pracy
Stenograf-protokolant,,,Urząd Pracy
Stermotorzysta żeglugi śródlądowej,,,Urząd Pracy
Sternik żeglugi śródlądowej,,,Urząd Pracy
Sterowniczy linii sztaplowania i pakietowania tarcicy,,,Urząd Pracy
Steward statku morskiego,,,Urząd Pracy
Stewardesa / steward,,,Urząd Pracy
Stokażowy,,,Urząd Pracy
Stolarz budowlany,,,Urząd Pracy
Stolarz galanterii drzewnej,,,Urząd Pracy
Stolarz mebli artystycznych i wzorcowych,,,Urząd Pracy
Stolarz meblowy,,,Urząd Pracy
Stolarz modelarz instrumentów muzycznych,,,Urząd Pracy
StolarzS,,,Urząd Pracy
Strażak,,,Urząd Pracy
Strażnik gminny / miejski,,,Urząd Pracy
Strażnik leśny,,,Urząd Pracy
Strażnik łowiecki,,,Urząd Pracy
Strażnik ochrony przyrody / środowiska,,,Urząd Pracy
Strażnik rybacki,,,Urząd Pracy
Strażnik Straży Marszałkowskiej,,,Urząd Pracy
Strażnik w zakładzie dla nieletnich,,,Urząd Pracy
Stroiciel fortepianów i pianinS,,,Urząd Pracy
Strugacz,,,Urząd Pracy
Strugacz drewna,,,Urząd Pracy
Strzałowy (górnik strzałowy),,,Urząd Pracy
Studniarz,,,Urząd Pracy
stylista jedzenia,stylistka jedzenia,"upewnienia się, że prezentowane na zdjęciach lub w filmie potrawy wyglądają pięknie i (czasem) są jadalne dla aktorów",Nietypowe zawody
stylista nieruchomości,stylistka nieruchomości,"tak aranżuje nieruchomości na sprzedaż, aby chętniej je kupowano - dopasowując estetykę do lokalizacji i gustu potencjalnych nabywców",Nietypowe zawody
Sufler,,,Urząd Pracy
Surdologopeda,,,Urząd Pracy
Suszarnik ceramiki i wyrobów gipsowych,,,Urząd Pracy
Suszarniowy drewna,,,Urząd Pracy
Świecki krzewiciel wiary,,,Urząd Pracy
Sygnalista szybowy,,,Urząd Pracy
Syndyk,,,Urząd Pracy
Synoptyk,,,Urząd Pracy
Szaleciarz,,,Urząd Pracy
Szatniarz,,,Urząd Pracy
Szczotkarz,,,Urząd Pracy
szczurołap,,,Warhammer FRP
Szef kuchni (kuchmistrz),,,Urząd Pracy
Szeregowy zawodowy Sił Zbrojnych,,,Urząd Pracy
Szewc,,,Urząd Pracy
Szklarz,,,Urząd Pracy
Szklarz budowlany,,,Urząd Pracy
Szklarz pojazdów,,,Urząd Pracy
Szkliwierz ceramiki,,,Urząd Pracy
Szkutnik,,,Urząd Pracy
Szlifierz ceramiki,,,Urząd Pracy
Szlifierz kamieni szlachetnych i ozdobnych,,,Urząd Pracy
Szlifierz kamienia,,,Urząd Pracy
Szlifierz materiałów drzewnych,,,Urząd Pracy
Szlifierz metali,,,Urząd Pracy
Szlifierz szkła gospodarczego i technicznego,,,Urząd Pracy
Szlifierz szkła płaskiego,,,Urząd Pracy
Szlifierz-ostrzarz,,,Urząd Pracy
Szlifierz-polerowacz szkła optycznego,,,Urząd Pracy
Szlifierz-polerowacz wyrobów artystycznych,,,Urząd Pracy
Szpachlarz,,,Urząd Pracy
Sztauer-trymer,,,Urząd Pracy
Sztukator,,,Urząd Pracy
Szwaczka maszynowa,,,Urząd Pracy
Szwaczka ręczna,,,Urząd Pracy
Szyldziarz,,,Urząd Pracy
Szyper,,,Urząd Pracy
Tajemniczy klient (mystery shopper),,,Urząd Pracy
Takielarz,,,Urząd Pracy
Taksator,,,Urząd Pracy
Taksator ryzyka działalności firm,,,Urząd Pracy
Taksówkarz,,,Urząd Pracy
Tanatoprakser (balsamista),,,Urząd Pracy
Tancerz baletowy,,,Urząd Pracy
TancerzS,,,Urząd Pracy
Tapeciarz,,,Urząd Pracy
Tapicer meblowy,,,Urząd Pracy
TapicerS,,,Urząd Pracy
Tartacznik,,,Urząd Pracy
Tatuażysta,,,Urząd Pracy
Technik administracjiS,,,Urząd Pracy
Technik agrobiznesuS,,,Urząd Pracy
Technik akustyk,,,Urząd Pracy
Technik analityki medycznej,,,Urząd Pracy
Technik analitykS,,,Urząd Pracy
Technik analizy i monitoringu środowiska,,,Urząd Pracy
Technik animacji filmowejS,,,Urząd Pracy
Technik aranżacji wnętrzS,,,Urząd Pracy
Technik architekt,,,Urząd Pracy
Technik architektury krajobrazuS,,,Urząd Pracy
Technik archiwistaS,,,Urząd Pracy
Technik automatyk sterowania ruchem kolejowymS,,,Urząd Pracy
Technik automatykS,,,Urząd Pracy
Technik awionikS,,,Urząd Pracy
Technik bezpieczeństwa i higieny pracyS,,,Urząd Pracy
Technik budownictwa kolejowegoS,,,Urząd Pracy
Technik budownictwa okrętowego,,,Urząd Pracy
Technik budownictwa wodnegoS,,,Urząd Pracy
Technik budownictwaS,,,Urząd Pracy
Technik budowy drógS,,,Urząd Pracy
Technik budowy fortepianów i pianin,,,Urząd Pracy
Technik budowy i strojenia fortepianów i pianinS,,,Urząd Pracy
Technik budowy jednostek pływającychS,,,Urząd Pracy
Technik ceramikS,,,Urząd Pracy
Technik chłodnictwa i klimatyzacjiS,,,Urząd Pracy
Technik cyfrowych procesów graficznych,,,Urząd Pracy
Technik dekarstwaS,,,Urząd Pracy
Technik dentystycznyS,,,Urząd Pracy
Technik dozymetrysta,,,Urząd Pracy
Technik dróg i mostów kolejowych,,,Urząd Pracy
Technik dróg kolejowych i obiektów inżynieryjnych,,,Urząd Pracy
Technik drogownictwa,,,Urząd Pracy
Technik dźwięku,,,Urząd Pracy
Technik ekonomistaS,,,Urząd Pracy
Technik eksploatacji portów i terminaliS,,,Urząd Pracy
Technik elektroautomatyk okrętowyS,,,Urząd Pracy
Technik elektroenergetyk transportu szynowegoS,,,Urząd Pracy
Technik elektromobilnościS,,,Urząd Pracy
Technik elektroniki i informatyki medycznejS,,,Urząd Pracy
Technik elektroniki medycznej,,,Urząd Pracy
Technik elektronikS,,,Urząd Pracy
Technik elektroradiologS,,,Urząd Pracy
Technik elektryk kolejowych sieci elektroenergetycznych,,,Urząd Pracy
Technik elektryk samochodowy,,,Urząd Pracy
Technik elektryk urządzeń zabezpieczenia i sterowania ruchem kolejowym,,,Urząd Pracy
Technik elektrykS,,,Urząd Pracy
Technik energetykS,,,Urząd Pracy
Technik farmaceutycznyS,,,Urząd Pracy
Technik fizjoterapii,,,Urząd Pracy
Technik fotografii i multimediówS,,,Urząd Pracy
Technik garbarzS,,,Urząd Pracy
Technik gazownictwaS,,,Urząd Pracy
Technik geodetaS,,,Urząd Pracy
Technik geofizyk,,,Urząd Pracy
Technik geologS,,,Urząd Pracy
Technik górnictwa odkrywkowegoS,,,Urząd Pracy
Technik górnictwa otworowegoS,,,Urząd Pracy
Technik górnictwa podziemnegoS,,,Urząd Pracy
Technik gospodarki odpadamiS,,,Urząd Pracy
Technik grafiki i poligrafii cyfrowejS,,,Urząd Pracy
Technik handlowiecS,,,Urząd Pracy
Technik hodowca koniS,,,Urząd Pracy
Technik hodowca zwierząt,,,Urząd Pracy
Technik hotelarstwaS,,,Urząd Pracy
Technik hutnik,,,Urząd Pracy
Technik hydrolog,,,Urząd Pracy
Technik informacji naukowej,,,Urząd Pracy
Technik informatykS,,,Urząd Pracy
Technik instrumentów muzycznych,,,Urząd Pracy
Technik inżynierii sanitarnejS,,,Urząd Pracy
Technik inżynierii środowiska i melioracjiS,,,Urząd Pracy
Technik izolacji przemyslowejS,,,Urząd Pracy
Technik konserwator urządzeń dźwigowych,,,Urząd Pracy
Technik kryminalistyki,,,Urząd Pracy
Technik księgarstwaS,,,Urząd Pracy
Technik leśnikS,,,Urząd Pracy
Technik logistykS,,,Urząd Pracy
Technik lotniskowych służb operacyjnychS,,,Urząd Pracy
Technik masażystaS,,,Urząd Pracy
Technik mechanik budowy środków transportu,,,Urząd Pracy
Technik mechanik eksploatacji środków transportu,,,Urząd Pracy
Technik mechanik lotniczyS,,,Urząd Pracy
Technik mechanik maszyn i urządzeń,,,Urząd Pracy
Technik mechanik obróbki skrawaniem,,,Urząd Pracy
Technik mechanik okrętowyS,,,Urząd Pracy
Technik mechanik precyzyjny,,,Urząd Pracy
Technik mechanik urządzeń przemysłowych,,,Urząd Pracy
Technik mechanikS,,,Urząd Pracy
Technik mechanizacji rolnictwa,,,Urząd Pracy
Technik mechanizacji rolnictwa i agrotronikiS,,,Urząd Pracy
Technik mechatronikS,,,Urząd Pracy
Technik meteorolog,,,Urząd Pracy
Technik metrolog,,,Urząd Pracy
Technik montażu i automatyki stolarki budowlanejS,,,Urząd Pracy
Technik nawigator morskiS,,,Urząd Pracy
Technik normowania pracy,,,Urząd Pracy
Technik obsługi przemysłu towarowo-wystawienniczegoS,,,Urząd Pracy
Technik obsługi turystycznej,,,Urząd Pracy
Technik obuwnikS,,,Urząd Pracy
Technik ochrony fizycznej osób i mieniaS,,,Urząd Pracy
Technik ochrony środowiskaS,,,Urząd Pracy
Technik odlewnikS,,,Urząd Pracy
Technik ogrodnikS,,,Urząd Pracy
Technik optykS,,,Urząd Pracy
Technik organizacji produkcji,,,Urząd Pracy
Technik organizacji reklamy,,,Urząd Pracy
Technik organizacji turystykiS,,,Urząd Pracy
Technik ortopedaS,,,Urząd Pracy
Technik papiernictwaS,,,Urząd Pracy
Technik podziemnej eksploatacji kopalin innych niż węgiel kamiennyS,,,Urząd Pracy
Technik pojazdów kolejowychS,,,Urząd Pracy
Technik pojazdów samochodowychS,,,Urząd Pracy
Technik poligraf,,,Urząd Pracy
Technik postępowania ze źródłami promieniotwórczymi,,,Urząd Pracy
Technik pożarnictwaS,,,Urząd Pracy
Technik prac biurowychS,,,Urząd Pracy
Technik procesów drukowaniaS,,,Urząd Pracy
Technik procesów introligatorskichS,,,Urząd Pracy
Technik programistaS,,,Urząd Pracy
Technik przemysłu drzewnegoS,,,Urząd Pracy
Technik przemysłu jachtowegoS,,,Urząd Pracy
Technik przemysłu metalurgicznegoS,,,Urząd Pracy
Technik przemysłu modyS,,,Urząd Pracy
Technik przeróbki kopalin stałychS,,,Urząd Pracy
Technik przetwórstwa mleczarskiegoS,,,Urząd Pracy
Technik przetwórstwa tworzyw sztucznych,,,Urząd Pracy
Technik pszczelarzS,,,Urząd Pracy
Technik rachunkowościS,,,Urząd Pracy
Technik realizacji dźwięku,,,Urząd Pracy
Technik realizacji nagłośnieńS,,,Urząd Pracy
Technik realizacji nagrań i nagłośnień,,,Urząd Pracy
Technik realizacji nagrańS,,,Urząd Pracy
Technik reklamyS,,,Urząd Pracy
Technik renowacji elementów architekturyS,,,Urząd Pracy
Technik robót wykończeniowych w budownictwieS,,,Urząd Pracy
Technik robotykS,,,Urząd Pracy
Technik rolnikS,,,Urząd Pracy
Technik rybactwa śródlądowegoS,,,Urząd Pracy
Technik rybołówstwa morskiegoS,,,Urząd Pracy
Technik spawalnictwaS,,,Urząd Pracy
Technik spawalnictwaS,,,Urząd Pracy
Technik spedytorS,,,Urząd Pracy
Technik sterylizacji medycznejS,,,Urząd Pracy
Technik stylistaS,,,Urząd Pracy
Technik systemów zabezpieczeń technicznych osób i mienia,,,Urząd Pracy
Technik szerokopasmowej komunikacji elektronicznejS,,,Urząd Pracy
Technik sztukatorstwa i kamieniarstwa artystycznego,,,Urząd Pracy
Technik teatralny,,,Urząd Pracy
Technik technologii ceramicznej,,,Urząd Pracy
Technik technologii chemicznejS,,,Urząd Pracy
Technik technologii drewnaS,,,Urząd Pracy
Technik technologii materiałów budowlanych,,,Urząd Pracy
Technik technologii odzieży,,,Urząd Pracy
Technik technologii środków farmaceutycznych,,,Urząd Pracy
Technik technologii środków kosmetycznych,,,Urząd Pracy
Technik technologii szkłaS,,,Urząd Pracy
Technik technologii wyrobów skórzanychS,,,Urząd Pracy
Technik technologii żywności – cukrownictwo,,,Urząd Pracy
Technik technologii żywności – produkcja cukiernicza,,,Urząd Pracy
Technik technologii żywności – produkcja koncentratów spożywczych,,,Urząd Pracy
Technik technologii żywności – produkcja piekarsko-ciastkarska,,,Urząd Pracy
Technik technologii żywności – przechowalnictwo chłodnicze i technologia żywności mrożonej,,,Urząd Pracy
Technik technologii żywności – przetwórstwo fermentacyjne,,,Urząd Pracy
Technik technologii żywności – przetwórstwo jajczarsko-drobiarskie,,,Urząd Pracy
Technik technologii żywności – przetwórstwo mięsne,,,Urząd Pracy
Technik technologii żywności – przetwórstwo mleczarskie,,,Urząd Pracy
Technik technologii żywności – przetwórstwo owocowo-warzywne,,,Urząd Pracy
Technik technologii żywności – przetwórstwo rybne,,,Urząd Pracy
Technik technologii żywności – przetwórstwo surowców olejarskich,,,Urząd Pracy
Technik technologii żywności – przetwórstwo zbożowe,,,Urząd Pracy
Technik technologii żywności – przetwórstwo ziemniaczane,,,Urząd Pracy
Technik technologii żywnościS,,,Urząd Pracy
Technik teleinformatykS,,,Urząd Pracy
Technik telekomunikacjiS,,,Urząd Pracy
Technik transportu drogowegoS,,,Urząd Pracy
Technik transportu kolejowegoS,,,Urząd Pracy
Technik turystyki na obszarach wiejskichS,,,Urząd Pracy
Technik turystyki wiejskiej,,,Urząd Pracy
Technik tyfloinformatykS,,,Urząd Pracy
Technik urządzeń audiowizualnych,,,Urząd Pracy
Technik urządzeń dźwigowychS,,,Urząd Pracy
Technik urządzeń i systemów energetyki odnawialnejS,,,Urząd Pracy
Technik urządzeń ruchu lotniczego,,,Urząd Pracy
Technik urządzeń sanitarnych,,,Urząd Pracy
Technik usług fryzjerskichS,,,Urząd Pracy
Technik usług kelnerskichS,,,Urząd Pracy
Technik usług kosmetycznychS,,,Urząd Pracy
Technik usług pocztowych i finansowychS,,,Urząd Pracy
Technik utrzymania ruchu,,,Urząd Pracy
Technik weterynariiS,,,Urząd Pracy
Technik wiertnikS,,,Urząd Pracy
Technik włókienniczych wyrobów dekoracyjnychS,,,Urząd Pracy
Technik włókiennikS,,,Urząd Pracy
Technik zabezpieczeń przeciwkorozyjnych,,,Urząd Pracy
Technik żeglugi śródlądowejS,,,Urząd Pracy
Technik żywienia i gospodarstwa domowego,,,Urząd Pracy
Technik żywienia i usług gastronomicznychS,,,Urząd Pracy
Technolog – programista obrabiarek,,,Urząd Pracy
Technolog inżynierii telekomunikacyjnej,,,Urząd Pracy
Technolog robót wykończeniowych w budownictwie,,,Urząd Pracy
Teleankieter,,,Urząd Pracy
Telemarketer,,,Urząd Pracy
Teolog,,,Urząd Pracy
Terapeuta środowiskowy,,,Urząd Pracy
Terapeuta zajęciowyS,,,Urząd Pracy
Termoizoler,,,Urząd Pracy
Tester gier komputerowych,,,Urząd Pracy
Tester oprogramowania komputerowego,,,Urząd Pracy
Tester systemów teleinformatycznych,,,Urząd Pracy
tester zwierzęcego jedzenia,tester zwierzęcego jedzenia,"sprawdza wartości odżywcze i skład pokarmów, również degustuje",Nietypowe zawody
Tkacz,,,Urząd Pracy
Tłoczarz w metalu,,,Urząd Pracy
Tłumacz,,,Urząd Pracy
Tłumacz języka migowego,,,Urząd Pracy
Tłumacz przysięgły,,,Urząd Pracy
Tokarz / frezer obrabiarek sterowanych numerycznie,,,Urząd Pracy
Tokarz w drewnie,,,Urząd Pracy
Tokarz w metalu,,,Urząd Pracy
Toksykolog,,,Urząd Pracy
Topiarz fryty,,,Urząd Pracy
Topiarz mas mineralnych,,,Urząd Pracy
Topiarz szkła,,,Urząd Pracy
Toromistrz,,,Urząd Pracy
Towaroznawca,,,Urząd Pracy
Tragarz,,,Urząd Pracy
Traser,,,Urząd Pracy
Trawiacz poligraficzny,,,Urząd Pracy
Trener koni wyścigowych,,,Urząd Pracy
"Trener osobisty (coach, mentor, tutor)",,,Urząd Pracy
trener owadów,trenerka owadów,pomaga owadom w filmach podążać za scenariuszem,Nietypowe zawody
Trener sportu,,,Urząd Pracy
Treser psów,,,Urząd Pracy
treser zwierząt,,,Warhammer FRP
Treser zwierząt cyrkowych,,,Urząd Pracy
Trzciniarz,,,Urząd Pracy
Twórca ludowy,,,Urząd Pracy
twórca rekwizytów filmowych,twórczyni rekwizytów filmowych,"produkuje realistycznie wyglądające przedmioty do filmów, które np. można użyć w bezpieczny sposób",Nietypowe zawody
Tynkarz,,,Urząd Pracy
Ubojowy,,,Urząd Pracy
uczeń czarodzieja,,,Warhammer FRP
uczony,,,Warhammer FRP
Układacz nawierzchni drogowych,,,Urząd Pracy
Układacz-konserwator spadochronów,,,Urząd Pracy
Uliczny sprzedawca produktów nieżywnościowych / żywności o długim terminie przydatności do spożycia,,,Urząd Pracy
Uliczny sprzedawca żywności o krótkim terminie przydatności do spożycia,,,Urząd Pracy
Uliczny zmywacz szyb samochodowych,,,Urząd Pracy
Urbanista,,,Urząd Pracy
urzędnik,,,Warhammer FRP
Urzędnik do spraw imigracji,,,Urząd Pracy
Urzędnik do spraw licencji,,,Urząd Pracy
Urzędnik do spraw paszportów,,,Urząd Pracy
Urzędnik do spraw udzielania pozwoleń na budowę,,,Urząd Pracy
Urzędnik do spraw udzielania pozwoleń na prowadzenie działalności gospodarczej,,,Urząd Pracy
Urzędnik podatkowy,,,Urząd Pracy
Urzędnik ubezpieczeń społecznych,,,Urząd Pracy
Ustawiacz,,,Urząd Pracy
Ustawiacz maszyn do obróbki drewna,,,Urząd Pracy
Ustawiacz maszyn do obróbki skrawaniem,,,Urząd Pracy
uzdrowiciel,uzdrowicielka,"alchemik, pracujący nad eliksirami zdrowotnymi",Harry Potter
Wagowy,,,Urząd Pracy
Wędliniarz,,,Urząd Pracy
wędrowny czarodziej,,,Warhammer FRP
Wędzarz,,,Urząd Pracy
węglarz,,,Warhammer FRP
Weterynaryjny kontroler sanitarny,,,Urząd Pracy
Wiertacz studni,,,Urząd Pracy
Wiertacz w drewnie,,,Urząd Pracy
Wiertacz w metalu,,,Urząd Pracy
WiertaczS,,,Urząd Pracy
Windykator,,,Urząd Pracy
Witrażownik,,,Urząd Pracy
Wizażystka / stylistka,,,Urząd Pracy
Wizytator,,,Urząd Pracy
Właściciel małego sklepu,,,Urząd Pracy
Właściciel małego zakładu agroturystycznego / hotelarskiego / gastronomicznego,,,Urząd Pracy
Wokalista,,,Urząd Pracy
Wozak,,,Urząd Pracy
Wozak zrywkarz,,,Urząd Pracy
Woźny,,,Urząd Pracy
wróżbita,wróżbitka,,Harry Potter
Wróżbita,,,Urząd Pracy
wróżbita,,,Warhammer FRP
Wulkanizator,,,Urząd Pracy
Wulkanizator taśm przenośnikowych,,,Urząd Pracy
Wybieracz monet / żetonów z automatów,,,Urząd Pracy
Wychowawca w jednostkach penitencjarnych,,,Urząd Pracy
"Wychowawca w placówkach oświatowych, wsparcia dziennego, wychowawczych i opiekuńczych oraz instytucjonalnej pieczy zastępczej",,,Urząd Pracy
wydawca,,,Warhammer FRP
Wydawca materiałów,,,Urząd Pracy
Wydawca posiłków / bufetowy,,,Urząd Pracy
Wydawca środków strzałowych,,,Urząd Pracy
Wydobywca kruszywa i gliny,,,Urząd Pracy
"Wykładowca na kursach (edukator, trener)",,,Urząd Pracy
wynalazca zaklęć,wynalazczyni zaklęć,,Harry Potter
Wypalacz surowców i wyrobów ogniotrwałych,,,Urząd Pracy
Wypalacz wyrobów ceramicznych,,,Urząd Pracy
Wyprawiacz skór futerkowych,,,Urząd Pracy
Wytapiacz metali nieżelaznych,,,Urząd Pracy
"Wytapiacz stali, surówki i żelazostopów",,,Urząd Pracy
Wytwórca abażurów,,,Urząd Pracy
Wytwórca galanterii,,,Urząd Pracy
wytwórca magicznych różdżek,wytwórczyni magicznych różdżek,,Harry Potter
wytwórca pędzli,wytwórczyni pędzli,,Nietypowe zawody
Wytwórca sztucznych kwiatów,,,Urząd Pracy
Wyższy urzędnik państwowy,,,Urząd Pracy
Wyższy urzędnik placówki dyplomatycznej,,,Urząd Pracy
Wyższy urzędnik samorządowy,,,Urząd Pracy
Zabawkarz,,,Urząd Pracy
Zabiegowy balneologiczny,,,Urząd Pracy
Żaglownik,,,Urząd Pracy
Zakonnik (bez święceń kapłańskich),,,Urząd Pracy
Zalewacz form,,,Urząd Pracy
Żałobnik,,,Urząd Pracy
Zamiatacz,,,Urząd Pracy
Zaopatrzeniowiec,,,Urząd Pracy
Zarządca energią,,,Urząd Pracy
Zarządca nieruchomości,,,Urząd Pracy
Zawiadowca stacji,,,Urząd Pracy
Zawodnik dyscypliny sportu,,,Urząd Pracy
Zawodowy działacz organizacji komercyjnej / pracodawców,,,Urząd Pracy
Zawodowy działacz organizacji politycznej,,,Urząd Pracy
Zawodowy działacz organizacji pozarządowej,,,Urząd Pracy
Zawodowy działacz organizacji zawodowej,,,Urząd Pracy
Zawodowy działacz organizacji związkowej,,,Urząd Pracy
"Zbieracz owoców, ziół i innych roślin",,,Urząd Pracy
zbieracz piłek golfowych,zbieraczka piłek golfowych,znajduje zagubione piłki na rozległych polach golfowych,Nietypowe zawody
Zbrojarz,,,Urząd Pracy
Zdobnik ceramikiS,,,Urząd Pracy
Zdobnik szkła,,,Urząd Pracy
ZegarmistrzS,,,Urząd Pracy
Zgrzewacz,,,Urząd Pracy
Zielarz-fitoterapeuta,,,Urząd Pracy
Złotnik-jubilerS,,,Urząd Pracy
Zmywacz graffiti,,,Urząd Pracy
Zmywacz naczyń,,,Urząd Pracy
Zmywacz okien (czyściciel szyb),,,Urząd Pracy
Żongler,,,Urząd Pracy
zoofizjoterapeuta,zoofizjoterapeutka,pomaga zwierzętom w procesie rehabilitacji,Nietypowe zawody
Zoopsycholog,,,Urząd Pracy
Zwrotniczy,,,Urząd Pracy